INSERT INTO ms.AsientoModelo(id, numero, nombre, ejerciciocontable) VALUES ('1-2016', 1, 'Modelo 1', '2016');
INSERT INTO ms.AsientoModelo(id, numero, nombre, ejerciciocontable) VALUES ('2-2016', 2, 'Modelo 2', '2016');
INSERT INTO ms.AsientoModelo(id, numero, nombre, ejerciciocontable) VALUES ('3-2016', 3, 'Modelo 3', '2016');
INSERT INTO ms.AsientoModelo(id, numero, nombre, ejerciciocontable) VALUES ('4-2016', 4, 'Modelo 4', '2016');
INSERT INTO ms.AsientoModelo(id, numero, nombre, ejerciciocontable) VALUES ('5-2016', 5, 'Modelo 5', '2016');

-- -----------------------------------------------------------------------------------------------------------
-- -----------------------------------------------------------------------------------------------------------

INSERT INTO ms.TipoSucursal(id, numero, nombre) VALUES ('1', 1, 'Centralizador');
INSERT INTO ms.TipoSucursal(id, numero, nombre) VALUES ('2', 2, 'Casa central');
INSERT INTO ms.TipoSucursal(id, numero, nombre) VALUES ('3', 3, 'Sucursal');
INSERT INTO ms.TipoSucursal(id, numero, nombre) VALUES ('4', 4, 'Punto de venta');

-- -----------------------------------------------------------------------------------------------------------
-- -----------------------------------------------------------------------------------------------------------

INSERT INTO ms.Sucursal(id, numero, nombre, abreviatura, tiposucursal, cuentaclientesdesde, cuentaclienteshasta, cantidadcaracteresclientes, identificacionnumericaclientes, permitecambiarclientes, cuentaproveedoresdesde, cuentaproveedoreshasta, cantidadcaracteresproveedores, identificacionnumericaproveedores, permitecambiarproveedores, clientesocacionalesdesde, clientesocacionaleshasta, numerocobranzadesde, numerocobranzahasta) 
VALUES ('1',1,'Vetaro','VM','2','1','99999',4,true,true,'0','99999',6,false,false,1,99999,1,9999);
INSERT INTO ms.Sucursal(id, numero, nombre, abreviatura, tiposucursal, cuentaclientesdesde, cuentaclienteshasta, cantidadcaracteresclientes, identificacionnumericaclientes, permitecambiarclientes, cuentaproveedoresdesde, cuentaproveedoreshasta, cantidadcaracteresproveedores, identificacionnumericaproveedores, permitecambiarproveedores, clientesocacionalesdesde, clientesocacionaleshasta, numerocobranzadesde, numerocobranzahasta) 
VALUES ('2',2,'Vipecor','VIP','3','R00000','R99999',6,false,false,'R10001','R19999',6,false,false,9999,149999,10001,19999);
INSERT INTO ms.Sucursal(id, numero, nombre, abreviatura, tiposucursal, cuentaclientesdesde, cuentaclienteshasta, cantidadcaracteresclientes, identificacionnumericaclientes, permitecambiarclientes, cuentaproveedoresdesde, cuentaproveedoreshasta, cantidadcaracteresproveedores, identificacionnumericaproveedores, permitecambiarproveedores, clientesocacionalesdesde, clientesocacionaleshasta, numerocobranzadesde, numerocobranzahasta) 
VALUES ('3',3,'Roldan','Rol','1','A0','A99999',6,false,false,'20001','29999',6,false,false,150000,169999,20001,29999);
INSERT INTO ms.Sucursal(id, numero, nombre, abreviatura, tiposucursal, cuentaclientesdesde, cuentaclienteshasta, cantidadcaracteresclientes, identificacionnumericaclientes, permitecambiarclientes, cuentaproveedoresdesde, cuentaproveedoreshasta, cantidadcaracteresproveedores, identificacionnumericaproveedores, permitecambiarproveedores, clientesocacionalesdesde, clientesocacionaleshasta, numerocobranzadesde, numerocobranzahasta) 
VALUES ('4',4,'Vetaro JD','VJD','3','J00001','J99999',6,false,false,'1','999999',6,false,false,1,99999,1,99999);

-- -----------------------------------------------------------------------------------------------------------
-- -----------------------------------------------------------------------------------------------------------

INSERT INTO ms.TipoComprobanteConcepto(id, numero, nombre) VALUES ('C',	1, 'Crédito');
INSERT INTO ms.TipoComprobanteConcepto(id, numero, nombre) VALUES ('D',	2, 'Débito');
INSERT INTO ms.TipoComprobanteConcepto(id, numero, nombre) VALUES ('A',	3, 'Ajuste');
INSERT INTO ms.TipoComprobanteConcepto(id, numero, nombre) VALUES ('E',	4, 'Egreso de stock');
INSERT INTO ms.TipoComprobanteConcepto(id, numero, nombre) VALUES ('I',	5, 'Ingreso de stock');
INSERT INTO ms.TipoComprobanteConcepto(id, numero, nombre) VALUES ('S',	6, 'Sin concepto');
INSERT INTO ms.TipoComprobanteConcepto(id, numero, nombre) VALUES ('V',	7, 'Inventario');

-- -----------------------------------------------------------------------------------------------------------
-- -----------------------------------------------------------------------------------------------------------

INSERT INTO ms.TipoComprobanteClase(id, numero, nombre, stock, ventas, fondos, compras, contabilidad, devoluciones, tambos, produccion, rrhh) VALUES ('1',1,'Facturación',false,true,false,false,false,false,false,false,false);
INSERT INTO ms.TipoComprobanteClase(id, numero, nombre, stock, ventas, fondos, compras, contabilidad, devoluciones, tambos, produccion, rrhh) VALUES ('2',2,'Nota de débito',false,true,false,false,false,false,false,false,false);
INSERT INTO ms.TipoComprobanteClase(id, numero, nombre, stock, ventas, fondos, compras, contabilidad, devoluciones, tambos, produccion, rrhh) VALUES ('3',3,'Nota de crédito',false,true,false,false,false,false,false,false,false);
INSERT INTO ms.TipoComprobanteClase(id, numero, nombre, stock, ventas, fondos, compras, contabilidad, devoluciones, tambos, produccion, rrhh) VALUES ('4',4,'Recibo',false,true,false,false,false,false,false,false,false);
INSERT INTO ms.TipoComprobanteClase(id, numero, nombre, stock, ventas, fondos, compras, contabilidad, devoluciones, tambos, produccion, rrhh) VALUES ('5',5,'Remito',false,true,false,false,false,false,false,false,false);
INSERT INTO ms.TipoComprobanteClase(id, numero, nombre, stock, ventas, fondos, compras, contabilidad, devoluciones, tambos, produccion, rrhh) VALUES ('6',6,'Nota de pedido',false,true,false,false,false,false,false,false,false);
INSERT INTO ms.TipoComprobanteClase(id, numero, nombre, stock, ventas, fondos, compras, contabilidad, devoluciones, tambos, produccion, rrhh) VALUES ('7',7,'Movimiento de stock',true,false,false,false,false,false,false,false,false);
INSERT INTO ms.TipoComprobanteClase(id, numero, nombre, stock, ventas, fondos, compras, contabilidad, devoluciones, tambos, produccion, rrhh) VALUES ('8',8,'Movimiento de fondo',false,false,true,false,false,false,false,false,false);
INSERT INTO ms.TipoComprobanteClase(id, numero, nombre, stock, ventas, fondos, compras, contabilidad, devoluciones, tambos, produccion, rrhh) VALUES ('10',10,'Orden de compra',false,false,false,true,false,false,false,false,false);
INSERT INTO ms.TipoComprobanteClase(id, numero, nombre, stock, ventas, fondos, compras, contabilidad, devoluciones, tambos, produccion, rrhh) VALUES ('11',11,'Facturación',false,false,false,true,false,false,false,false,false);
INSERT INTO ms.TipoComprobanteClase(id, numero, nombre, stock, ventas, fondos, compras, contabilidad, devoluciones, tambos, produccion, rrhh) VALUES ('12',12,'Nota de débito',false,false,false,true,false,false,false,false,false);
INSERT INTO ms.TipoComprobanteClase(id, numero, nombre, stock, ventas, fondos, compras, contabilidad, devoluciones, tambos, produccion, rrhh) VALUES ('13',13,'Nota de crédito',false,false,false,true,false,false,false,false,false);
INSERT INTO ms.TipoComprobanteClase(id, numero, nombre, stock, ventas, fondos, compras, contabilidad, devoluciones, tambos, produccion, rrhh) VALUES ('14',14,'Recibo',false,false,false,true,false,false,false,false,false);
INSERT INTO ms.TipoComprobanteClase(id, numero, nombre, stock, ventas, fondos, compras, contabilidad, devoluciones, tambos, produccion, rrhh) VALUES ('15',15,'Orden de pago',false,false,false,true,false,false,false,false,false);
INSERT INTO ms.TipoComprobanteClase(id, numero, nombre, stock, ventas, fondos, compras, contabilidad, devoluciones, tambos, produccion, rrhh) VALUES ('16',16,'Remito',false,false,false,true,false,false,false,false,false);
INSERT INTO ms.TipoComprobanteClase(id, numero, nombre, stock, ventas, fondos, compras, contabilidad, devoluciones, tambos, produccion, rrhh) VALUES ('18',18,'Liquidaciones',false,false,false,true,false,false,false,false,false);
INSERT INTO ms.TipoComprobanteClase(id, numero, nombre, stock, ventas, fondos, compras, contabilidad, devoluciones, tambos, produccion, rrhh) VALUES ('20',20,'Vale personal',false,false,false,false,false,false,false,false,true);
INSERT INTO ms.TipoComprobanteClase(id, numero, nombre, stock, ventas, fondos, compras, contabilidad, devoluciones, tambos, produccion, rrhh) VALUES ('21',21,'Préstamo personal',false,false,false,false,false,false,false,false,true);
INSERT INTO ms.TipoComprobanteClase(id, numero, nombre, stock, ventas, fondos, compras, contabilidad, devoluciones, tambos, produccion, rrhh) VALUES ('31',31,'Dev. Y garantías',false,false,false,false,false,true,false,false,false);

-- -----------------------------------------------------------------------------------------------------------
-- -----------------------------------------------------------------------------------------------------------

INSERT INTO ms.MinutaContable(id, numero, nombre) VALUES ('0', 0, 'Sin definir');
INSERT INTO ms.MinutaContable(id, numero, nombre) VALUES ('1', 1, 'Venta');
INSERT INTO ms.MinutaContable(id, numero, nombre) VALUES ('2', 2, 'Stock');
INSERT INTO ms.MinutaContable(id, numero, nombre) VALUES ('3', 3, 'Fondos'); 
INSERT INTO ms.MinutaContable(id, numero, nombre) VALUES ('4', 4, 'Compras'); 
INSERT INTO ms.MinutaContable(id, numero, nombre) VALUES ('5', 5, 'Contabilidad' );
INSERT INTO ms.MinutaContable(id, numero, nombre) VALUES ('6', 6, 'Sueldos'); 
INSERT INTO ms.MinutaContable(id, numero, nombre) VALUES ('98', 98, 'Ajustes'); 
INSERT INTO ms.MinutaContable(id, numero, nombre) VALUES ('99', 99, 'Otros'); 

-- -----------------------------------------------------------------------------------------------------------
-- -----------------------------------------------------------------------------------------------------------

INSERT INTO ms.AsientoContableModulo(id, numero, nombre) VALUES ('0', 0, 'Conta');
INSERT INTO ms.AsientoContableModulo(id, numero, nombre) VALUES ('1', 1, 'Vta.');
INSERT INTO ms.AsientoContableModulo(id, numero, nombre) VALUES ('2', 2, 'Stock');
INSERT INTO ms.AsientoContableModulo(id, numero, nombre) VALUES ('3', 3, 'Fdo.' );
INSERT INTO ms.AsientoContableModulo(id, numero, nombre) VALUES ('4', 4, 'Cpra.');

-- -----------------------------------------------------------------------------------------------------------
-- -----------------------------------------------------------------------------------------------------------

INSERT INTO ms.tipocomprobante(id, numero, nombre, nombreimprimir, abreviatura, sucursal, tipocomprobanteconcepto, tipocomprobanteclase, obsoleto, stock, ventas, fondos, compras, contabilidad, devoluciones, tambos, produccion, rrhh) VALUES ('10',10,' Egreso de Stock VET','Egreso de Stock','EGR','1','E','7',false,true,false,false,false,false,false,false,false,false);
INSERT INTO ms.tipocomprobante(id, numero, nombre, nombreimprimir, abreviatura, sucursal, tipocomprobanteconcepto, tipocomprobanteclase, obsoleto, stock, ventas, fondos, compras, contabilidad, devoluciones, tambos, produccion, rrhh) VALUES ('22',22,' Egreso de Stock Vet JD',' Egreso de Stock Vet JD','EGR','4','E','7',false,true,false,false,false,false,false,false,false,false);
INSERT INTO ms.tipocomprobante(id, numero, nombre, nombreimprimir, abreviatura, sucursal, tipocomprobanteconcepto, tipocomprobanteclase, obsoleto, stock, ventas, fondos, compras, contabilidad, devoluciones, tambos, produccion, rrhh) VALUES ('30',30,' Egreso de Stock Vet JD RIII',' Egreso de Stock Vet JD R','EGR','4','E','7',false,true,false,false,false,false,false,false,false,false);
INSERT INTO ms.tipocomprobante(id, numero, nombre, nombreimprimir, abreviatura, sucursal, tipocomprobanteconcepto, tipocomprobanteclase, obsoleto, stock, ventas, fondos, compras, contabilidad, devoluciones, tambos, produccion, rrhh) VALUES ('1',1,' Ingreso de Stock VET ','Ingreso de Stock ','ING','1','I','7',false,true,false,false,false,false,false,false,false,false);
INSERT INTO ms.tipocomprobante(id, numero, nombre, nombreimprimir, abreviatura, sucursal, tipocomprobanteconcepto, tipocomprobanteclase, obsoleto, stock, ventas, fondos, compras, contabilidad, devoluciones, tambos, produccion, rrhh) VALUES ('21',21,' Ingreso de Stock Vet JD',' Ingreso de Stock Vet JD ','ING','4','I','7',false,true,false,false,false,false,false,false,false,false);
INSERT INTO ms.tipocomprobante(id, numero, nombre, nombreimprimir, abreviatura, sucursal, tipocomprobanteconcepto, tipocomprobanteclase, obsoleto, stock, ventas, fondos, compras, contabilidad, devoluciones, tambos, produccion, rrhh) VALUES ('31',31,' Ingreso de Stock Vet JD RIII ',' Ingreso de Stock Vet JD ','ING','4','I','7',false,true,false,false,false,false,false,false,false,false);
INSERT INTO ms.tipocomprobante(id, numero, nombre, nombreimprimir, abreviatura, sucursal, tipocomprobanteconcepto, tipocomprobanteclase, obsoleto, stock, ventas, fondos, compras, contabilidad, devoluciones, tambos, produccion, rrhh) VALUES ('122',122,' Nota de Credito A 13 ','Nota de Crédito','CRE','3','C','3',false,true,true,true,false,true,false,false,false,false);
INSERT INTO ms.tipocomprobante(id, numero, nombre, nombreimprimir, abreviatura, sucursal, tipocomprobanteconcepto, tipocomprobanteclase, obsoleto, stock, ventas, fondos, compras, contabilidad, devoluciones, tambos, produccion, rrhh) VALUES ('129',129,' Nota de Credito A 13 (Devolución)','Nota de Crédito','DEV','3','C','3',false,true,true,true,false,true,false,false,false,false);
INSERT INTO ms.tipocomprobante(id, numero, nombre, nombreimprimir, abreviatura, sucursal, tipocomprobanteconcepto, tipocomprobanteclase, obsoleto, stock, ventas, fondos, compras, contabilidad, devoluciones, tambos, produccion, rrhh) VALUES ('126',126,' Nota de Credito B 13 ','Nota de Crédito','CRE','3','C','3',false,true,true,true,false,true,false,false,false,false);
INSERT INTO ms.tipocomprobante(id, numero, nombre, nombreimprimir, abreviatura, sucursal, tipocomprobanteconcepto, tipocomprobanteclase, obsoleto, stock, ventas, fondos, compras, contabilidad, devoluciones, tambos, produccion, rrhh) VALUES ('130',130,' Nota de Credito B 13 (Devolución)','Nota de Crédito','DEV','3','C','3',false,true,true,true,false,true,false,false,false,false);
INSERT INTO ms.tipocomprobante(id, numero, nombre, nombreimprimir, abreviatura, sucursal, tipocomprobanteconcepto, tipocomprobanteclase, obsoleto, stock, ventas, fondos, compras, contabilidad, devoluciones, tambos, produccion, rrhh) VALUES ('121',121,' Nota de Debito A 13','Nota de Debito ','DEB','3','D','2',false,true,true,true,false,true,false,false,false,false);
INSERT INTO ms.tipocomprobante(id, numero, nombre, nombreimprimir, abreviatura, sucursal, tipocomprobanteconcepto, tipocomprobanteclase, obsoleto, stock, ventas, fondos, compras, contabilidad, devoluciones, tambos, produccion, rrhh) VALUES ('125',125,' Nota de Debito B 13','Nota de Debito B 13','DEB','3','D','2',false,true,true,true,false,true,false,false,false,false);
INSERT INTO ms.tipocomprobante(id, numero, nombre, nombreimprimir, abreviatura, sucursal, tipocomprobanteconcepto, tipocomprobanteclase, obsoleto, stock, ventas, fondos, compras, contabilidad, devoluciones, tambos, produccion, rrhh) VALUES ('330',330,' Nota de Venta (Pendiente de Facturar)','Nota de Venta','NV','1','S','6',false,false,true,false,false,false,false,false,false,false);
INSERT INTO ms.tipocomprobante(id, numero, nombre, nombreimprimir, abreviatura, sucursal, tipocomprobanteconcepto, tipocomprobanteclase, obsoleto, stock, ventas, fondos, compras, contabilidad, devoluciones, tambos, produccion, rrhh) VALUES ('252',252,' Remito Roldan ','Remito ','RTO','3','E','5',false,false,true,false,false,false,false,false,false,false);
INSERT INTO ms.tipocomprobante(id, numero, nombre, nombreimprimir, abreviatura, sucursal, tipocomprobanteconcepto, tipocomprobanteclase, obsoleto, stock, ventas, fondos, compras, contabilidad, devoluciones, tambos, produccion, rrhh) VALUES ('250',250,' Remito Vetaro ','Remito ','RTO','1','E','5',false,false,true,false,false,false,false,false,false,false);
INSERT INTO ms.tipocomprobante(id, numero, nombre, nombreimprimir, abreviatura, sucursal, tipocomprobanteconcepto, tipocomprobanteclase, obsoleto, stock, ventas, fondos, compras, contabilidad, devoluciones, tambos, produccion, rrhh) VALUES ('249',249,' Remito Vetaro JD','REMITO ','RTO','4','E','5',false,false,true,false,false,false,false,false,false,false);
INSERT INTO ms.tipocomprobante(id, numero, nombre, nombreimprimir, abreviatura, sucursal, tipocomprobanteconcepto, tipocomprobanteclase, obsoleto, stock, ventas, fondos, compras, contabilidad, devoluciones, tambos, produccion, rrhh) VALUES ('600',600,' Remito Vetaro JD RIII',' Remito Vetaro JD RIII','RTO','4','E','5',false,false,true,false,false,false,false,false,false,false);
INSERT INTO ms.tipocomprobante(id, numero, nombre, nombreimprimir, abreviatura, sucursal, tipocomprobanteconcepto, tipocomprobanteclase, obsoleto, stock, ventas, fondos, compras, contabilidad, devoluciones, tambos, produccion, rrhh) VALUES ('9',9,' Reparación VETARO',' Reparación VETARO','REP','1','E','7',false,true,false,false,false,false,false,false,false,false);
INSERT INTO ms.tipocomprobante(id, numero, nombre, nombreimprimir, abreviatura, sucursal, tipocomprobanteconcepto, tipocomprobanteclase, obsoleto, stock, ventas, fondos, compras, contabilidad, devoluciones, tambos, produccion, rrhh) VALUES ('165',165,' Vetaro FacturaJD A ','Factura','FAC','4','D','1',false,true,true,true,false,true,false,false,false,false);
INSERT INTO ms.tipocomprobante(id, numero, nombre, nombreimprimir, abreviatura, sucursal, tipocomprobanteconcepto, tipocomprobanteclase, obsoleto, stock, ventas, fondos, compras, contabilidad, devoluciones, tambos, produccion, rrhh) VALUES ('166',166,' Vetaro FacturaJD A AMS ','Factura','FAC','4','D','1',false,true,true,true,false,true,false,false,false,false);
INSERT INTO ms.tipocomprobante(id, numero, nombre, nombreimprimir, abreviatura, sucursal, tipocomprobanteconcepto, tipocomprobanteclase, obsoleto, stock, ventas, fondos, compras, contabilidad, devoluciones, tambos, produccion, rrhh) VALUES ('602',602,' Vetaro FacturaJD A AMS RIII','Factura','FAC','4','D','1',false,true,true,true,false,true,false,false,false,false);
INSERT INTO ms.tipocomprobante(id, numero, nombre, nombreimprimir, abreviatura, sucursal, tipocomprobanteconcepto, tipocomprobanteclase, obsoleto, stock, ventas, fondos, compras, contabilidad, devoluciones, tambos, produccion, rrhh) VALUES ('601',601,' Vetaro FacturaJD A RIII','Factura','FAC','4','D','1',false,true,true,true,false,true,false,false,false,false);
INSERT INTO ms.tipocomprobante(id, numero, nombre, nombreimprimir, abreviatura, sucursal, tipocomprobanteconcepto, tipocomprobanteclase, obsoleto, stock, ventas, fondos, compras, contabilidad, devoluciones, tambos, produccion, rrhh) VALUES ('167',167,' Vetaro FacturaJD B ','Factura','FAC','4','D','1',false,true,true,true,false,true,false,false,false,false);
INSERT INTO ms.tipocomprobante(id, numero, nombre, nombreimprimir, abreviatura, sucursal, tipocomprobanteconcepto, tipocomprobanteclase, obsoleto, stock, ventas, fondos, compras, contabilidad, devoluciones, tambos, produccion, rrhh) VALUES ('183',183,' Vetaro FacturaJD B AMS ','Factura','FAC','4','D','1',false,true,true,true,false,true,false,false,false,false);
INSERT INTO ms.tipocomprobante(id, numero, nombre, nombreimprimir, abreviatura, sucursal, tipocomprobanteconcepto, tipocomprobanteclase, obsoleto, stock, ventas, fondos, compras, contabilidad, devoluciones, tambos, produccion, rrhh) VALUES ('604',604,' Vetaro FacturaJD B AMSRIII ','Factura','FAC','4','D','1',false,true,true,true,false,true,false,false,false,false);
INSERT INTO ms.tipocomprobante(id, numero, nombre, nombreimprimir, abreviatura, sucursal, tipocomprobanteconcepto, tipocomprobanteclase, obsoleto, stock, ventas, fondos, compras, contabilidad, devoluciones, tambos, produccion, rrhh) VALUES ('603',603,' Vetaro FacturaJD B RIII','Factura','FAC','4','D','1',false,true,true,true,false,true,false,false,false,false);
INSERT INTO ms.tipocomprobante(id, numero, nombre, nombreimprimir, abreviatura, sucursal, tipocomprobanteconcepto, tipocomprobanteclase, obsoleto, stock, ventas, fondos, compras, contabilidad, devoluciones, tambos, produccion, rrhh) VALUES ('150',150,' Vetaro Factura A','Factura','FAC','1','D','1',false,true,true,true,false,true,false,false,false,false);
INSERT INTO ms.tipocomprobante(id, numero, nombre, nombreimprimir, abreviatura, sucursal, tipocomprobanteconcepto, tipocomprobanteclase, obsoleto, stock, ventas, fondos, compras, contabilidad, devoluciones, tambos, produccion, rrhh) VALUES ('161',161,' Vetaro Factura A AMS ',' Vetaro Factura A AMS ','FAC','1','D','1',false,true,true,true,false,true,false,false,false,false);
INSERT INTO ms.tipocomprobante(id, numero, nombre, nombreimprimir, abreviatura, sucursal, tipocomprobanteconcepto, tipocomprobanteclase, obsoleto, stock, ventas, fondos, compras, contabilidad, devoluciones, tambos, produccion, rrhh) VALUES ('149',149,' Vetaro Factura A por Cuenta Y Orden ','Factura','FAC','1','D','1',false,true,true,true,false,true,false,false,false,false);
INSERT INTO ms.tipocomprobante(id, numero, nombre, nombreimprimir, abreviatura, sucursal, tipocomprobanteconcepto, tipocomprobanteclase, obsoleto, stock, ventas, fondos, compras, contabilidad, devoluciones, tambos, produccion, rrhh) VALUES ('170',170,' Vetaro Factura B','Factura','FAC','1','D','1',false,true,true,true,false,true,false,false,false,false);
INSERT INTO ms.tipocomprobante(id, numero, nombre, nombreimprimir, abreviatura, sucursal, tipocomprobanteconcepto, tipocomprobanteclase, obsoleto, stock, ventas, fondos, compras, contabilidad, devoluciones, tambos, produccion, rrhh) VALUES ('171',171,' Vetaro Factura B por Cuenta y Orden ','Factura','FAC','1','D','1',false,true,true,true,false,true,false,false,false,false);
INSERT INTO ms.tipocomprobante(id, numero, nombre, nombreimprimir, abreviatura, sucursal, tipocomprobanteconcepto, tipocomprobanteclase, obsoleto, stock, ventas, fondos, compras, contabilidad, devoluciones, tambos, produccion, rrhh) VALUES ('168',168,' Vetaro JD N. Crédito A','Nota de Credito','CRE','4','C','3',false,true,true,true,false,true,false,false,false,false);
INSERT INTO ms.tipocomprobante(id, numero, nombre, nombreimprimir, abreviatura, sucursal, tipocomprobanteconcepto, tipocomprobanteclase, obsoleto, stock, ventas, fondos, compras, contabilidad, devoluciones, tambos, produccion, rrhh) VALUES ('606',606,' Vetaro JD N. Crédito A (Dev) RIII','Nota de Crédito','DEV','4','C','3',false,true,true,true,false,true,false,false,false,false);
INSERT INTO ms.tipocomprobante(id, numero, nombre, nombreimprimir, abreviatura, sucursal, tipocomprobanteconcepto, tipocomprobanteclase, obsoleto, stock, ventas, fondos, compras, contabilidad, devoluciones, tambos, produccion, rrhh) VALUES ('169',169,' Vetaro JD N. Crédito A (Devolucion)','Nota de Credito','DEV','4','C','3',false,true,true,true,false,true,false,false,false,false);
INSERT INTO ms.tipocomprobante(id, numero, nombre, nombreimprimir, abreviatura, sucursal, tipocomprobanteconcepto, tipocomprobanteclase, obsoleto, stock, ventas, fondos, compras, contabilidad, devoluciones, tambos, produccion, rrhh) VALUES ('605',605,' Vetaro JD N. Crédito A RIII ','Nota de Crédito','CRE','4','C','3',false,true,true,true,false,true,false,false,false,false);
INSERT INTO ms.tipocomprobante(id, numero, nombre, nombreimprimir, abreviatura, sucursal, tipocomprobanteconcepto, tipocomprobanteclase, obsoleto, stock, ventas, fondos, compras, contabilidad, devoluciones, tambos, produccion, rrhh) VALUES ('184',184,' Vetaro JD N. Crédito B','Nota de Crédito','CRE','4','C','3',false,true,true,true,false,true,false,false,false,false);
INSERT INTO ms.tipocomprobante(id, numero, nombre, nombreimprimir, abreviatura, sucursal, tipocomprobanteconcepto, tipocomprobanteclase, obsoleto, stock, ventas, fondos, compras, contabilidad, devoluciones, tambos, produccion, rrhh) VALUES ('608',608,' Vetaro JD N. Crédito B (Dev) RIII','Nota de Crédito','DEV','4','C','3',false,true,true,true,false,true,false,false,false,false);
INSERT INTO ms.tipocomprobante(id, numero, nombre, nombreimprimir, abreviatura, sucursal, tipocomprobanteconcepto, tipocomprobanteclase, obsoleto, stock, ventas, fondos, compras, contabilidad, devoluciones, tambos, produccion, rrhh) VALUES ('185',185,' Vetaro JD N. Crédito B (Devolucion)',' Vetaro JDN. Crédito B ','DEV','4','D','3',false,true,true,true,false,true,false,false,false,false);
INSERT INTO ms.tipocomprobante(id, numero, nombre, nombreimprimir, abreviatura, sucursal, tipocomprobanteconcepto, tipocomprobanteclase, obsoleto, stock, ventas, fondos, compras, contabilidad, devoluciones, tambos, produccion, rrhh) VALUES ('607',607,' Vetaro JD N. Crédito B RIII ','Nota de Crédito','CRE','4','C','3',false,true,true,true,false,true,false,false,false,false);
INSERT INTO ms.tipocomprobante(id, numero, nombre, nombreimprimir, abreviatura, sucursal, tipocomprobanteconcepto, tipocomprobanteclase, obsoleto, stock, ventas, fondos, compras, contabilidad, devoluciones, tambos, produccion, rrhh) VALUES ('182',182,' Vetaro JD Débito A','Nota de Debito ','DEBc ','4','D','2',false,true,true,true,false,true,false,false,false,false);
INSERT INTO ms.tipocomprobante(id, numero, nombre, nombreimprimir, abreviatura, sucursal, tipocomprobanteconcepto, tipocomprobanteclase, obsoleto, stock, ventas, fondos, compras, contabilidad, devoluciones, tambos, produccion, rrhh) VALUES ('181',181,' Vetaro JD Débito A Ch Dev','Nota de Debito ','DEBc ','4','D','2',false,true,true,true,false,true,false,false,false,false);
INSERT INTO ms.tipocomprobante(id, numero, nombre, nombreimprimir, abreviatura, sucursal, tipocomprobanteconcepto, tipocomprobanteclase, obsoleto, stock, ventas, fondos, compras, contabilidad, devoluciones, tambos, produccion, rrhh) VALUES ('610',610,' Vetaro JD Débito A Ch Dev RIII ','Nota de Débito ','DEBc ','4','D','2',false,true,true,true,false,true,false,false,false,false);
INSERT INTO ms.tipocomprobante(id, numero, nombre, nombreimprimir, abreviatura, sucursal, tipocomprobanteconcepto, tipocomprobanteclase, obsoleto, stock, ventas, fondos, compras, contabilidad, devoluciones, tambos, produccion, rrhh) VALUES ('609',609,' Vetaro JD Débito A RIII','Nota de Débito ','DEBc ','4','D','2',false,true,true,true,false,true,false,false,false,false);
INSERT INTO ms.tipocomprobante(id, numero, nombre, nombreimprimir, abreviatura, sucursal, tipocomprobanteconcepto, tipocomprobanteclase, obsoleto, stock, ventas, fondos, compras, contabilidad, devoluciones, tambos, produccion, rrhh) VALUES ('179',179,' Vetaro JD Débito B','Nota de Debito ','DEB','4','D','2',false,true,true,true,false,true,false,false,false,false);
INSERT INTO ms.tipocomprobante(id, numero, nombre, nombreimprimir, abreviatura, sucursal, tipocomprobanteconcepto, tipocomprobanteclase, obsoleto, stock, ventas, fondos, compras, contabilidad, devoluciones, tambos, produccion, rrhh) VALUES ('178',178,' Vetaro JD Débito B Ch Dev','Nota de Debito ','DEBc ','4','D','2',false,true,true,true,false,true,false,false,false,false);
INSERT INTO ms.tipocomprobante(id, numero, nombre, nombreimprimir, abreviatura, sucursal, tipocomprobanteconcepto, tipocomprobanteclase, obsoleto, stock, ventas, fondos, compras, contabilidad, devoluciones, tambos, produccion, rrhh) VALUES ('612',612,' Vetaro JD Débito B Ch Dev RIII ','Nota de Débito ','DEBc ','4','D','2',false,true,true,true,false,true,false,false,false,false);
INSERT INTO ms.tipocomprobante(id, numero, nombre, nombreimprimir, abreviatura, sucursal, tipocomprobanteconcepto, tipocomprobanteclase, obsoleto, stock, ventas, fondos, compras, contabilidad, devoluciones, tambos, produccion, rrhh) VALUES ('611',611,' Vetaro JD Débito B RIII','Nota de Débito ','DEB','4','D','2',false,true,true,true,false,true,false,false,false,false);
INSERT INTO ms.tipocomprobante(id, numero, nombre, nombreimprimir, abreviatura, sucursal, tipocomprobanteconcepto, tipocomprobanteclase, obsoleto, stock, ventas, fondos, compras, contabilidad, devoluciones, tambos, produccion, rrhh) VALUES ('234',234,' Vetaro JD Recibo','Recibo ','REC','4','C','4',true,false,true,true,false,true,false,false,false,false);
INSERT INTO ms.tipocomprobante(id, numero, nombre, nombreimprimir, abreviatura, sucursal, tipocomprobanteconcepto, tipocomprobanteclase, obsoleto, stock, ventas, fondos, compras, contabilidad, devoluciones, tambos, produccion, rrhh) VALUES ('613',613,' Vetaro JD Recibo RIII','Recibo ','REC','4','C','4',false,false,true,true,false,true,false,false,false,false);
INSERT INTO ms.tipocomprobante(id, numero, nombre, nombreimprimir, abreviatura, sucursal, tipocomprobanteconcepto, tipocomprobanteclase, obsoleto, stock, ventas, fondos, compras, contabilidad, devoluciones, tambos, produccion, rrhh) VALUES ('154',154,' Vetaro N. Crédito A','Nota de Crédito','CRE','1','C','3',false,true,true,true,false,true,false,false,false,false);
INSERT INTO ms.tipocomprobante(id, numero, nombre, nombreimprimir, abreviatura, sucursal, tipocomprobanteconcepto, tipocomprobanteclase, obsoleto, stock, ventas, fondos, compras, contabilidad, devoluciones, tambos, produccion, rrhh) VALUES ('156',156,' Vetaro N. Crédito Apor Cuenta y Orden','Nota de Crédito','CRE','1','C','3',false,true,true,true,false,true,false,false,false,false);
INSERT INTO ms.tipocomprobante(id, numero, nombre, nombreimprimir, abreviatura, sucursal, tipocomprobanteconcepto, tipocomprobanteclase, obsoleto, stock, ventas, fondos, compras, contabilidad, devoluciones, tambos, produccion, rrhh) VALUES ('155',155,' Vetaro N. Crédito A (Devolución)','Nota de Credito','DEV','1','C','3',false,true,true,true,false,true,false,false,false,false);
INSERT INTO ms.tipocomprobante(id, numero, nombre, nombreimprimir, abreviatura, sucursal, tipocomprobanteconcepto, tipocomprobanteclase, obsoleto, stock, ventas, fondos, compras, contabilidad, devoluciones, tambos, produccion, rrhh) VALUES ('157',157,' Vetaro N. Crédito A x Anticipo ','Nota de Crédito','CRE','1','C','3',false,false,false,true,true,true,false,false,false,false);
INSERT INTO ms.tipocomprobante(id, numero, nombre, nombreimprimir, abreviatura, sucursal, tipocomprobanteconcepto, tipocomprobanteclase, obsoleto, stock, ventas, fondos, compras, contabilidad, devoluciones, tambos, produccion, rrhh) VALUES ('174',174,' Vetaro N. Crédito B','Nota de Crédito','CRE','1','C','3',false,true,true,true,false,true,false,false,false,false);
INSERT INTO ms.tipocomprobante(id, numero, nombre, nombreimprimir, abreviatura, sucursal, tipocomprobanteconcepto, tipocomprobanteclase, obsoleto, stock, ventas, fondos, compras, contabilidad, devoluciones, tambos, produccion, rrhh) VALUES ('176',176,' Vetaro N. Crédito Bpor Cuenta y Orden',' Vetaro N. Credito B','CRE','1','C','3',false,true,true,true,false,true,false,false,false,false);
INSERT INTO ms.tipocomprobante(id, numero, nombre, nombreimprimir, abreviatura, sucursal, tipocomprobanteconcepto, tipocomprobanteclase, obsoleto, stock, ventas, fondos, compras, contabilidad, devoluciones, tambos, produccion, rrhh) VALUES ('175',175,' Vetaro N. Crédito B (Devolución)',' N. Crédito','DEV','1','C','3',false,true,true,true,false,true,false,false,false,false);
INSERT INTO ms.tipocomprobante(id, numero, nombre, nombreimprimir, abreviatura, sucursal, tipocomprobanteconcepto, tipocomprobanteclase, obsoleto, stock, ventas, fondos, compras, contabilidad, devoluciones, tambos, produccion, rrhh) VALUES ('152',152,' Vetaro N. Débito A','Nota de Débito ','DEB','1','D','2',false,true,true,true,false,true,false,false,false,false);
INSERT INTO ms.tipocomprobante(id, numero, nombre, nombreimprimir, abreviatura, sucursal, tipocomprobanteconcepto, tipocomprobanteclase, obsoleto, stock, ventas, fondos, compras, contabilidad, devoluciones, tambos, produccion, rrhh) VALUES ('153',153,' Vetaro N. Débito A Dev. Cheque ','Nota de Débito ','DEB','1','D','2',false,false,true,true,false,true,false,false,false,false);
INSERT INTO ms.tipocomprobante(id, numero, nombre, nombreimprimir, abreviatura, sucursal, tipocomprobanteconcepto, tipocomprobanteclase, obsoleto, stock, ventas, fondos, compras, contabilidad, devoluciones, tambos, produccion, rrhh) VALUES ('151',151,' Vetaro N. Débito A x Anticipo','Nota de Débito ','DEB','1','D','2',false,false,true,true,false,true,false,false,false,false);
INSERT INTO ms.tipocomprobante(id, numero, nombre, nombreimprimir, abreviatura, sucursal, tipocomprobanteconcepto, tipocomprobanteclase, obsoleto, stock, ventas, fondos, compras, contabilidad, devoluciones, tambos, produccion, rrhh) VALUES ('172',172,' Vetaro N. Débito B','Nota de Débito ','DEB','1','D','2',false,true,true,true,false,true,false,false,false,false);
INSERT INTO ms.tipocomprobante(id, numero, nombre, nombreimprimir, abreviatura, sucursal, tipocomprobanteconcepto, tipocomprobanteclase, obsoleto, stock, ventas, fondos, compras, contabilidad, devoluciones, tambos, produccion, rrhh) VALUES ('173',173,' Vetaro N. Débito B Dev. Cheque ','Nota de Débito ','DEB','1','D','2',false,false,true,true,false,true,false,false,false,false);
INSERT INTO ms.tipocomprobante(id, numero, nombre, nombreimprimir, abreviatura, sucursal, tipocomprobanteconcepto, tipocomprobanteclase, obsoleto, stock, ventas, fondos, compras, contabilidad, devoluciones, tambos, produccion, rrhh) VALUES ('230',230,' Vetaro Recibo ',' Vetaro Recibo ','REC','1','C','4',false,false,true,true,false,true,false,false,false,false);
INSERT INTO ms.tipocomprobante(id, numero, nombre, nombreimprimir, abreviatura, sucursal, tipocomprobanteconcepto, tipocomprobanteclase, obsoleto, stock, ventas, fondos, compras, contabilidad, devoluciones, tambos, produccion, rrhh) VALUES ('231',231,' Vetaro Recibo Anticipo',' Vetaro Recibo ','REC','1','C','4',false,false,true,true,false,true,false,false,false,false);
INSERT INTO ms.tipocomprobante(id, numero, nombre, nombreimprimir, abreviatura, sucursal, tipocomprobanteconcepto, tipocomprobanteclase, obsoleto, stock, ventas, fondos, compras, contabilidad, devoluciones, tambos, produccion, rrhh) VALUES ('160',160,' Vetaro Taller Factura A','Factura','FAC','1','D','1',false,true,true,true,false,true,false,false,false,false);
INSERT INTO ms.tipocomprobante(id, numero, nombre, nombreimprimir, abreviatura, sucursal, tipocomprobanteconcepto, tipocomprobanteclase, obsoleto, stock, ventas, fondos, compras, contabilidad, devoluciones, tambos, produccion, rrhh) VALUES ('180',180,' Vetaro Taller Factura B','Factura','FAC','1','D','1',false,true,true,true,false,true,false,false,false,false);
INSERT INTO ms.tipocomprobante(id, numero, nombre, nombreimprimir, abreviatura, sucursal, tipocomprobanteconcepto, tipocomprobanteclase, obsoleto, stock, ventas, fondos, compras, contabilidad, devoluciones, tambos, produccion, rrhh) VALUES ('350',350,' Vipecor Factura A 02 ','Factura','FAC','2','D','1',false,true,true,true,false,true,false,false,false,false);
INSERT INTO ms.tipocomprobante(id, numero, nombre, nombreimprimir, abreviatura, sucursal, tipocomprobanteconcepto, tipocomprobanteclase, obsoleto, stock, ventas, fondos, compras, contabilidad, devoluciones, tambos, produccion, rrhh) VALUES ('351',351,' Vipecor Factura B 02 ','Factura','FAC','2','D','1',false,true,true,true,false,true,false,false,false,false);
INSERT INTO ms.tipocomprobante(id, numero, nombre, nombreimprimir, abreviatura, sucursal, tipocomprobanteconcepto, tipocomprobanteclase, obsoleto, stock, ventas, fondos, compras, contabilidad, devoluciones, tambos, produccion, rrhh) VALUES ('352',352,' Vipecor N. Credito A ','Nota de Credito','CRE','2','C','3',false,true,true,true,false,true,false,false,false,false);
INSERT INTO ms.tipocomprobante(id, numero, nombre, nombreimprimir, abreviatura, sucursal, tipocomprobanteconcepto, tipocomprobanteclase, obsoleto, stock, ventas, fondos, compras, contabilidad, devoluciones, tambos, produccion, rrhh) VALUES ('356',356,' Vipecor N. Credito A (Devolución)','Nota de Crédito','DEV','2','C','3',false,true,true,true,false,true,false,false,false,false);
INSERT INTO ms.tipocomprobante(id, numero, nombre, nombreimprimir, abreviatura, sucursal, tipocomprobanteconcepto, tipocomprobanteclase, obsoleto, stock, ventas, fondos, compras, contabilidad, devoluciones, tambos, produccion, rrhh) VALUES ('353',353,' Vipecor N. Credito B ','Nota de Credito','CRE','2','C','3',false,true,true,true,false,true,false,false,false,false);
INSERT INTO ms.tipocomprobante(id, numero, nombre, nombreimprimir, abreviatura, sucursal, tipocomprobanteconcepto, tipocomprobanteclase, obsoleto, stock, ventas, fondos, compras, contabilidad, devoluciones, tambos, produccion, rrhh) VALUES ('357',357,' Vipecor N. Credito B (Devolución)','Nota de Crédito','DEV','2','C','3',false,true,true,true,false,true,false,false,false,false);
INSERT INTO ms.tipocomprobante(id, numero, nombre, nombreimprimir, abreviatura, sucursal, tipocomprobanteconcepto, tipocomprobanteclase, obsoleto, stock, ventas, fondos, compras, contabilidad, devoluciones, tambos, produccion, rrhh) VALUES ('354',354,' Vipecor N. Débito A 02','Nota de Débito ','DEB','2','D','2',false,true,true,true,false,true,false,false,false,false);
INSERT INTO ms.tipocomprobante(id, numero, nombre, nombreimprimir, abreviatura, sucursal, tipocomprobanteconcepto, tipocomprobanteclase, obsoleto, stock, ventas, fondos, compras, contabilidad, devoluciones, tambos, produccion, rrhh) VALUES ('360',360,' Vipecor N. Débito A 02 Dev. Cheque','Nota de Débito ','DEB','2','D','2',false,false,true,true,false,true,false,false,false,false);
INSERT INTO ms.tipocomprobante(id, numero, nombre, nombreimprimir, abreviatura, sucursal, tipocomprobanteconcepto, tipocomprobanteclase, obsoleto, stock, ventas, fondos, compras, contabilidad, devoluciones, tambos, produccion, rrhh) VALUES ('355',355,' Vipecor N. Débito B 02','Nota de Débito ','DEB','2','D','2',false,true,true,true,false,true,false,false,false,false);
INSERT INTO ms.tipocomprobante(id, numero, nombre, nombreimprimir, abreviatura, sucursal, tipocomprobanteconcepto, tipocomprobanteclase, obsoleto, stock, ventas, fondos, compras, contabilidad, devoluciones, tambos, produccion, rrhh) VALUES ('361',361,' Vipecor N. Débito B 02 Dev. Cheque','Nota de Débito ','DEB','2','D','2',false,false,true,true,false,true,false,false,false,false);
INSERT INTO ms.tipocomprobante(id, numero, nombre, nombreimprimir, abreviatura, sucursal, tipocomprobanteconcepto, tipocomprobanteclase, obsoleto, stock, ventas, fondos, compras, contabilidad, devoluciones, tambos, produccion, rrhh) VALUES ('390',390,' Vipecor Recibo X 02','Recibo ','REC','2','C','4',false,false,true,true,false,true,false,false,false,false);
INSERT INTO ms.tipocomprobante(id, numero, nombre, nombreimprimir, abreviatura, sucursal, tipocomprobanteconcepto, tipocomprobanteclase, obsoleto, stock, ventas, fondos, compras, contabilidad, devoluciones, tambos, produccion, rrhh) VALUES ('205',205,'Ajuste C.C Créd.VET','Ajuste C.C Créd.VET','AJC','1','C','3',false,false,true,false,false,true,false,false,false,false);
INSERT INTO ms.tipocomprobante(id, numero, nombre, nombreimprimir, abreviatura, sucursal, tipocomprobanteconcepto, tipocomprobanteclase, obsoleto, stock, ventas, fondos, compras, contabilidad, devoluciones, tambos, produccion, rrhh) VALUES ('932',932,'Ajuste C.C. Cre. Compra VIPECOR ','Ajuste C.C. Cre. Comp ','AJC','2','C','13',false,false,false,true,true,true,false,false,false,false);
INSERT INTO ms.tipocomprobante(id, numero, nombre, nombreimprimir, abreviatura, sucursal, tipocomprobanteconcepto, tipocomprobanteclase, obsoleto, stock, ventas, fondos, compras, contabilidad, devoluciones, tambos, produccion, rrhh) VALUES ('950',950,'Ajuste C.C. Cre. Rol Compra','Ajuste C.C. Cre. Rol Comp','AJC','3','C','13',false,false,false,true,true,true,false,false,false,false);
INSERT INTO ms.tipocomprobante(id, numero, nombre, nombreimprimir, abreviatura, sucursal, tipocomprobanteconcepto, tipocomprobanteclase, obsoleto, stock, ventas, fondos, compras, contabilidad, devoluciones, tambos, produccion, rrhh) VALUES ('832',832,'Ajuste C.C. Cre. VET Compra','Ajuste C.C. Cre VET Compr','AJC','1','C','13',false,false,false,true,true,true,false,false,false,false);
INSERT INTO ms.tipocomprobante(id, numero, nombre, nombreimprimir, abreviatura, sucursal, tipocomprobanteconcepto, tipocomprobanteclase, obsoleto, stock, ventas, fondos, compras, contabilidad, devoluciones, tambos, produccion, rrhh) VALUES ('931',931,'Ajuste C.C. Déb.Compra VIPECOR','Ajuste CC Deb Compra','AJD','2','D','12',false,false,false,false,true,true,false,false,false,false);
INSERT INTO ms.tipocomprobante(id, numero, nombre, nombreimprimir, abreviatura, sucursal, tipocomprobanteconcepto, tipocomprobanteclase, obsoleto, stock, ventas, fondos, compras, contabilidad, devoluciones, tambos, produccion, rrhh) VALUES ('10011',10011,'Ajuste C.C. Déb.JD','Ajuste C.C. Déb.JD','AJD','4','D','2',false,false,true,false,false,true,false,false,false,false);
INSERT INTO ms.tipocomprobante(id, numero, nombre, nombreimprimir, abreviatura, sucursal, tipocomprobanteconcepto, tipocomprobanteclase, obsoleto, stock, ventas, fondos, compras, contabilidad, devoluciones, tambos, produccion, rrhh) VALUES ('620',620,'Ajuste C.C. Déb.JD RIII','Ajuste C.C. Déb.JD RIII','AJD','4','D','2',false,false,true,false,false,true,false,false,false,false);
INSERT INTO ms.tipocomprobante(id, numero, nombre, nombreimprimir, abreviatura, sucursal, tipocomprobanteconcepto, tipocomprobanteclase, obsoleto, stock, ventas, fondos, compras, contabilidad, devoluciones, tambos, produccion, rrhh) VALUES ('951',951,'Ajuste C.C. Déb.Rol Compra','Ajuste C.C. Déb.Rol Compr','AJD','3','D','12',false,false,false,true,true,true,false,false,false,false);
INSERT INTO ms.tipocomprobante(id, numero, nombre, nombreimprimir, abreviatura, sucursal, tipocomprobanteconcepto, tipocomprobanteclase, obsoleto, stock, ventas, fondos, compras, contabilidad, devoluciones, tambos, produccion, rrhh) VALUES ('201',201,'Ajuste C.C. Déb.VET','Ajuste C.C. Déb.VET','AJD','1','D','2',false,false,true,false,false,true,false,false,false,false);
INSERT INTO ms.tipocomprobante(id, numero, nombre, nombreimprimir, abreviatura, sucursal, tipocomprobanteconcepto, tipocomprobanteclase, obsoleto, stock, ventas, fondos, compras, contabilidad, devoluciones, tambos, produccion, rrhh) VALUES ('831',831,'Ajuste C.C. Déb.VET Compra','Ajuste CC Deb Compra','AJD','1','D','12',false,false,false,true,true,true,false,false,false,false);
INSERT INTO ms.tipocomprobante(id, numero, nombre, nombreimprimir, abreviatura, sucursal, tipocomprobanteconcepto, tipocomprobanteclase, obsoleto, stock, ventas, fondos, compras, contabilidad, devoluciones, tambos, produccion, rrhh) VALUES ('10010',10010,'Ajuste C.C.Créd.JD','Ajuste C.C.Créd.JD','AJC','4','C','3',false,false,true,false,false,true,false,false,false,false);
INSERT INTO ms.tipocomprobante(id, numero, nombre, nombreimprimir, abreviatura, sucursal, tipocomprobanteconcepto, tipocomprobanteclase, obsoleto, stock, ventas, fondos, compras, contabilidad, devoluciones, tambos, produccion, rrhh) VALUES ('621',621,'Ajuste C.C.Créd.JD RIII','Ajuste C.C.Créd.JD RIII','AJC','4','C','3',false,false,true,false,false,true,false,false,false,false);
INSERT INTO ms.tipocomprobante(id, numero, nombre, nombreimprimir, abreviatura, sucursal, tipocomprobanteconcepto, tipocomprobanteclase, obsoleto, stock, ventas, fondos, compras, contabilidad, devoluciones, tambos, produccion, rrhh) VALUES ('401',401,'Ajuste C.C.Créd.VIP','Ajuste C.C.Créd.VIP','SAL','2','C','3',false,false,true,false,false,true,false,false,false,false);
INSERT INTO ms.tipocomprobante(id, numero, nombre, nombreimprimir, abreviatura, sucursal, tipocomprobanteconcepto, tipocomprobanteclase, obsoleto, stock, ventas, fondos, compras, contabilidad, devoluciones, tambos, produccion, rrhh) VALUES ('402',402,'Ajuste C.C.Déb.VIP','Ajuste C.C.Déb.VIP','SAL','2','D','2',false,false,true,false,false,true,false,false,false,false);
INSERT INTO ms.tipocomprobante(id, numero, nombre, nombreimprimir, abreviatura, sucursal, tipocomprobanteconcepto, tipocomprobanteclase, obsoleto, stock, ventas, fondos, compras, contabilidad, devoluciones, tambos, produccion, rrhh) VALUES ('128',128,'Ajuste CC Cre. ','Ajuste CC Cre. ','AJC','3','C','3',false,true,true,true,false,true,false,false,false,false);
INSERT INTO ms.tipocomprobante(id, numero, nombre, nombreimprimir, abreviatura, sucursal, tipocomprobanteconcepto, tipocomprobanteclase, obsoleto, stock, ventas, fondos, compras, contabilidad, devoluciones, tambos, produccion, rrhh) VALUES ('127',127,'Ajuste CC Deb. ','Ajuste CC Deb. ','AJD','3','D','2',false,true,true,true,false,true,false,false,false,false);
INSERT INTO ms.tipocomprobante(id, numero, nombre, nombreimprimir, abreviatura, sucursal, tipocomprobanteconcepto, tipocomprobanteclase, obsoleto, stock, ventas, fondos, compras, contabilidad, devoluciones, tambos, produccion, rrhh) VALUES ('8',8,'Ajuste de Stock VET','Ajuste de Stock','AJU','1','A','7',false,true,false,false,false,false,false,false,false,false);
INSERT INTO ms.tipocomprobante(id, numero, nombre, nombreimprimir, abreviatura, sucursal, tipocomprobanteconcepto, tipocomprobanteclase, obsoleto, stock, ventas, fondos, compras, contabilidad, devoluciones, tambos, produccion, rrhh) VALUES ('28',28,'Ajuste de Stock VETJD ','Ajuste de Stock VETJD ','AJU','4','A','7',false,true,false,false,false,false,false,false,false,false);
INSERT INTO ms.tipocomprobante(id, numero, nombre, nombreimprimir, abreviatura, sucursal, tipocomprobanteconcepto, tipocomprobanteclase, obsoleto, stock, ventas, fondos, compras, contabilidad, devoluciones, tambos, produccion, rrhh) VALUES ('32',32,'Ajuste de Stock VETJD RIII','Ajuste de Stock VETJD RII','AJU','4','A','7',false,true,false,false,false,false,false,false,false,false);
INSERT INTO ms.tipocomprobante(id, numero, nombre, nombreimprimir, abreviatura, sucursal, tipocomprobanteconcepto, tipocomprobanteclase, obsoleto, stock, ventas, fondos, compras, contabilidad, devoluciones, tambos, produccion, rrhh) VALUES ('241',241,'Anulación Recibo ',' Anulación Recibo','RA','1','D','4',false,false,true,true,false,true,false,false,false,false);
INSERT INTO ms.tipocomprobante(id, numero, nombre, nombreimprimir, abreviatura, sucursal, tipocomprobanteconcepto, tipocomprobanteclase, obsoleto, stock, ventas, fondos, compras, contabilidad, devoluciones, tambos, produccion, rrhh) VALUES ('233',233,'Anulacion Recibo Roldan','Anulacion Recibo Roldan','RA','3','D','4',false,false,true,true,false,true,false,false,false,false);
INSERT INTO ms.tipocomprobante(id, numero, nombre, nombreimprimir, abreviatura, sucursal, tipocomprobanteconcepto, tipocomprobanteclase, obsoleto, stock, ventas, fondos, compras, contabilidad, devoluciones, tambos, produccion, rrhh) VALUES ('400',400,'Anulacion Recibo Rosario','Anulacion Recibo Rosario ','RA','2','D','4',false,false,true,true,false,true,false,false,false,false);
INSERT INTO ms.tipocomprobante(id, numero, nombre, nombreimprimir, abreviatura, sucursal, tipocomprobanteconcepto, tipocomprobanteclase, obsoleto, stock, ventas, fondos, compras, contabilidad, devoluciones, tambos, produccion, rrhh) VALUES ('10009',10009,'Anulación Recibo VETARO JD','Anulación Recibo VETARO J','RA','4','D','4',false,false,true,true,false,true,false,false,false,false);
INSERT INTO ms.tipocomprobante(id, numero, nombre, nombreimprimir, abreviatura, sucursal, tipocomprobanteconcepto, tipocomprobanteclase, obsoleto, stock, ventas, fondos, compras, contabilidad, devoluciones, tambos, produccion, rrhh) VALUES ('622',622,'Anulación Recibo VETARO JD RIII ','Anulación Recibo ','RA','4','D','4',false,false,true,true,false,true,false,false,false,false);
INSERT INTO ms.tipocomprobante(id, numero, nombre, nombreimprimir, abreviatura, sucursal, tipocomprobanteconcepto, tipocomprobanteclase, obsoleto, stock, ventas, fondos, compras, contabilidad, devoluciones, tambos, produccion, rrhh) VALUES ('341',341,'Bailone Factura A 02','Factura','FAC','2','D','1',false,true,true,true,false,true,false,false,false,false);
INSERT INTO ms.tipocomprobante(id, numero, nombre, nombreimprimir, abreviatura, sucursal, tipocomprobanteconcepto, tipocomprobanteclase, obsoleto, stock, ventas, fondos, compras, contabilidad, devoluciones, tambos, produccion, rrhh) VALUES ('342',342,'Bailone Factura B 02','Factua ','FAC','2','D','1',false,true,true,true,false,true,false,false,false,false);
INSERT INTO ms.tipocomprobante(id, numero, nombre, nombreimprimir, abreviatura, sucursal, tipocomprobanteconcepto, tipocomprobanteclase, obsoleto, stock, ventas, fondos, compras, contabilidad, devoluciones, tambos, produccion, rrhh) VALUES ('10003',10003,'Beltramo R. Factura A 23','Factura','FAC','4','D','1',false,true,true,true,false,true,false,false,false,false);
INSERT INTO ms.tipocomprobante(id, numero, nombre, nombreimprimir, abreviatura, sucursal, tipocomprobanteconcepto, tipocomprobanteclase, obsoleto, stock, ventas, fondos, compras, contabilidad, devoluciones, tambos, produccion, rrhh) VALUES ('10004',10004,'Beltramo R. Factura B 23','Factura','FAC','4','D','1',false,true,true,true,false,true,false,false,false,false);
INSERT INTO ms.tipocomprobante(id, numero, nombre, nombreimprimir, abreviatura, sucursal, tipocomprobanteconcepto, tipocomprobanteclase, obsoleto, stock, ventas, fondos, compras, contabilidad, devoluciones, tambos, produccion, rrhh) VALUES ('301',301,'Borda Factura A 09','Factura','FAC','2','D','1',false,true,true,true,false,true,false,false,false,false);
INSERT INTO ms.tipocomprobante(id, numero, nombre, nombreimprimir, abreviatura, sucursal, tipocomprobanteconcepto, tipocomprobanteclase, obsoleto, stock, ventas, fondos, compras, contabilidad, devoluciones, tambos, produccion, rrhh) VALUES ('302',302,'Borda Factura B 09','Factura','FAC','2','D','1',false,true,true,true,false,true,false,false,false,false);
INSERT INTO ms.tipocomprobante(id, numero, nombre, nombreimprimir, abreviatura, sucursal, tipocomprobanteconcepto, tipocomprobanteclase, obsoleto, stock, ventas, fondos, compras, contabilidad, devoluciones, tambos, produccion, rrhh) VALUES ('10005',10005,'Carricaburu F. Factura A 24','Factura','FAC','1','D','1',false,true,true,true,false,true,false,false,false,false);
INSERT INTO ms.tipocomprobante(id, numero, nombre, nombreimprimir, abreviatura, sucursal, tipocomprobanteconcepto, tipocomprobanteclase, obsoleto, stock, ventas, fondos, compras, contabilidad, devoluciones, tambos, produccion, rrhh) VALUES ('10006',10006,'Carricaburu F. Factura B 24','Factura','FAC','1','D','1',false,true,true,true,false,true,false,false,false,false);
INSERT INTO ms.tipocomprobante(id, numero, nombre, nombreimprimir, abreviatura, sucursal, tipocomprobanteconcepto, tipocomprobanteclase, obsoleto, stock, ventas, fondos, compras, contabilidad, devoluciones, tambos, produccion, rrhh) VALUES ('802',802,'Compras (Gastos) ','Compras (Gastos) ','Gtos ','1','D','11',false,false,false,true,true,true,false,false,false,false);
INSERT INTO ms.tipocomprobante(id, numero, nombre, nombreimprimir, abreviatura, sucursal, tipocomprobanteconcepto, tipocomprobanteclase, obsoleto, stock, ventas, fondos, compras, contabilidad, devoluciones, tambos, produccion, rrhh) VALUES ('952',952,'Compras (Gastos) Rol','Compras (Gastos) Rol','Gtos ','3','D','11',false,false,false,true,true,true,false,false,false,false);
INSERT INTO ms.tipocomprobante(id, numero, nombre, nombreimprimir, abreviatura, sucursal, tipocomprobanteconcepto, tipocomprobanteclase, obsoleto, stock, ventas, fondos, compras, contabilidad, devoluciones, tambos, produccion, rrhh) VALUES ('902',902,'Compras (Gastos) VIPECOR','Compras (Gastos) ','Gtos ','2','D','11',false,false,false,true,true,true,false,false,false,false);
INSERT INTO ms.tipocomprobante(id, numero, nombre, nombreimprimir, abreviatura, sucursal, tipocomprobanteconcepto, tipocomprobanteclase, obsoleto, stock, ventas, fondos, compras, contabilidad, devoluciones, tambos, produccion, rrhh) VALUES ('9999',9999,'Comprobantes Anulados ','Comprobantes Anulados ','ANU','1','S','8',true,false,false,true,false,true,false,false,false,false);
INSERT INTO ms.tipocomprobante(id, numero, nombre, nombreimprimir, abreviatura, sucursal, tipocomprobanteconcepto, tipocomprobanteclase, obsoleto, stock, ventas, fondos, compras, contabilidad, devoluciones, tambos, produccion, rrhh) VALUES ('892',892,'Comprobantes Anulados JD','Comprobantes Anulados JD ','ANU','4','S','8',true,false,false,true,false,true,false,false,false,false);
INSERT INTO ms.tipocomprobante(id, numero, nombre, nombreimprimir, abreviatura, sucursal, tipocomprobanteconcepto, tipocomprobanteclase, obsoleto, stock, ventas, fondos, compras, contabilidad, devoluciones, tambos, produccion, rrhh) VALUES ('890',890,'Comprobantes Anulados Rol ','Comprobantes Anulados Rol','ANU','3','S','8',true,false,false,true,false,true,false,false,false,false);
INSERT INTO ms.tipocomprobante(id, numero, nombre, nombreimprimir, abreviatura, sucursal, tipocomprobanteconcepto, tipocomprobanteclase, obsoleto, stock, ventas, fondos, compras, contabilidad, devoluciones, tambos, produccion, rrhh) VALUES ('891',891,'Comprobantes Anulados Ros ','Comprobantes Anulados Ros','ANU','2','S','8',true,false,false,true,false,true,false,false,false,false);
INSERT INTO ms.tipocomprobante(id, numero, nombre, nombreimprimir, abreviatura, sucursal, tipocomprobanteconcepto, tipocomprobanteclase, obsoleto, stock, ventas, fondos, compras, contabilidad, devoluciones, tambos, produccion, rrhh) VALUES ('908',908,'Cpra Bs.Us. A VIPECOR ','Cpra Bs.Us. A VIPECOR ','CBsUs','2','D','11',false,false,false,true,true,true,false,false,false,false);
INSERT INTO ms.tipocomprobante(id, numero, nombre, nombreimprimir, abreviatura, sucursal, tipocomprobanteconcepto, tipocomprobanteclase, obsoleto, stock, ventas, fondos, compras, contabilidad, devoluciones, tambos, produccion, rrhh) VALUES ('810',810,'Cpra.Bs.Us. A','Cpra.Bs.Us. A','CBsUs','1','D','11',false,false,false,true,true,true,false,false,false,false);
INSERT INTO ms.tipocomprobante(id, numero, nombre, nombreimprimir, abreviatura, sucursal, tipocomprobanteconcepto, tipocomprobanteclase, obsoleto, stock, ventas, fondos, compras, contabilidad, devoluciones, tambos, produccion, rrhh) VALUES ('953',953,'Cpra.Bs.Us. A Rol','Cpra.Bs.Us. A Rol','CBsUs','3','D','11',false,false,false,true,true,true,false,false,false,false);
INSERT INTO ms.tipocomprobante(id, numero, nombre, nombreimprimir, abreviatura, sucursal, tipocomprobanteconcepto, tipocomprobanteclase, obsoleto, stock, ventas, fondos, compras, contabilidad, devoluciones, tambos, produccion, rrhh) VALUES ('134',134,'Cta de Vta y Liquido prod. A','Liquidacion','LIQ','1','D','11',false,false,false,false,true,true,false,false,false,false);
INSERT INTO ms.tipocomprobante(id, numero, nombre, nombreimprimir, abreviatura, sucursal, tipocomprobanteconcepto, tipocomprobanteclase, obsoleto, stock, ventas, fondos, compras, contabilidad, devoluciones, tambos, produccion, rrhh) VALUES ('135',135,'Cta de Vta y Liquido prod. A CRE','Liquidacion Credito','LIQ','1','C','13',false,false,false,false,true,true,false,false,false,false);
INSERT INTO ms.tipocomprobante(id, numero, nombre, nombreimprimir, abreviatura, sucursal, tipocomprobanteconcepto, tipocomprobanteclase, obsoleto, stock, ventas, fondos, compras, contabilidad, devoluciones, tambos, produccion, rrhh) VALUES ('311',311,'De Sautu Factura A 10 ','Factura','FAC','2','D','1',false,true,true,true,false,true,false,false,false,false);
INSERT INTO ms.tipocomprobante(id, numero, nombre, nombreimprimir, abreviatura, sucursal, tipocomprobanteconcepto, tipocomprobanteclase, obsoleto, stock, ventas, fondos, compras, contabilidad, devoluciones, tambos, produccion, rrhh) VALUES ('312',312,'De Sautu Factura B 10 ','Factura','FAC','2','D','1',false,true,true,true,false,true,false,false,false,false);
INSERT INTO ms.tipocomprobante(id, numero, nombre, nombreimprimir, abreviatura, sucursal, tipocomprobanteconcepto, tipocomprobanteclase, obsoleto, stock, ventas, fondos, compras, contabilidad, devoluciones, tambos, produccion, rrhh) VALUES ('503',503,'Deposito','Deposito','DEP','1','S','8',false,false,false,true,false,true,false,false,false,false);
INSERT INTO ms.tipocomprobante(id, numero, nombre, nombreimprimir, abreviatura, sucursal, tipocomprobanteconcepto, tipocomprobanteclase, obsoleto, stock, ventas, fondos, compras, contabilidad, devoluciones, tambos, produccion, rrhh) VALUES ('501',501,'Deposito Auto','Deposito','DEPA ','1','S','8',false,false,false,true,false,true,false,false,false,false);
INSERT INTO ms.tipocomprobante(id, numero, nombre, nombreimprimir, abreviatura, sucursal, tipocomprobanteconcepto, tipocomprobanteclase, obsoleto, stock, ventas, fondos, compras, contabilidad, devoluciones, tambos, produccion, rrhh) VALUES ('898',898,'Deposito Auto JD ','Deposito Auto JD ','DEPA ','4','S','8',false,false,false,true,false,true,false,false,false,false);
INSERT INTO ms.tipocomprobante(id, numero, nombre, nombreimprimir, abreviatura, sucursal, tipocomprobanteconcepto, tipocomprobanteclase, obsoleto, stock, ventas, fondos, compras, contabilidad, devoluciones, tambos, produccion, rrhh) VALUES ('896',896,'Deposito Auto ROL','Deposito Auto ROL','DEPA ','3','S','8',false,false,false,true,false,true,false,false,false,false);
INSERT INTO ms.tipocomprobante(id, numero, nombre, nombreimprimir, abreviatura, sucursal, tipocomprobanteconcepto, tipocomprobanteclase, obsoleto, stock, ventas, fondos, compras, contabilidad, devoluciones, tambos, produccion, rrhh) VALUES ('897',897,'Deposito Auto ROS','Deposito Auto ROS','DEPA ','2','S','8',false,false,false,true,false,true,false,false,false,false);
INSERT INTO ms.tipocomprobante(id, numero, nombre, nombreimprimir, abreviatura, sucursal, tipocomprobanteconcepto, tipocomprobanteclase, obsoleto, stock, ventas, fondos, compras, contabilidad, devoluciones, tambos, produccion, rrhh) VALUES ('895',895,'Deposito JD','Deposito JD','DEP','4','S','8',false,false,false,true,false,true,false,false,false,false);
INSERT INTO ms.tipocomprobante(id, numero, nombre, nombreimprimir, abreviatura, sucursal, tipocomprobanteconcepto, tipocomprobanteclase, obsoleto, stock, ventas, fondos, compras, contabilidad, devoluciones, tambos, produccion, rrhh) VALUES ('893',893,'Deposito Rol','Deposito Rol','DEP','3','S','8',false,false,false,true,false,true,false,false,false,false);
INSERT INTO ms.tipocomprobante(id, numero, nombre, nombreimprimir, abreviatura, sucursal, tipocomprobanteconcepto, tipocomprobanteclase, obsoleto, stock, ventas, fondos, compras, contabilidad, devoluciones, tambos, produccion, rrhh) VALUES ('894',894,'Deposito Ros','Deposito Ros','DEP','2','S','8',false,false,false,true,false,true,false,false,false,false);
INSERT INTO ms.tipocomprobante(id, numero, nombre, nombreimprimir, abreviatura, sucursal, tipocomprobanteconcepto, tipocomprobanteclase, obsoleto, stock, ventas, fondos, compras, contabilidad, devoluciones, tambos, produccion, rrhh) VALUES ('11',11,'Dev Repartacion','Dev Repartacion','DEV','1','I','7',false,true,false,false,false,false,false,false,false,false);
INSERT INTO ms.tipocomprobante(id, numero, nombre, nombreimprimir, abreviatura, sucursal, tipocomprobanteconcepto, tipocomprobanteclase, obsoleto, stock, ventas, fondos, compras, contabilidad, devoluciones, tambos, produccion, rrhh) VALUES ('256',256,'Devolución Taller','Devolución Taller','DT','1','I','5',false,true,true,false,false,false,false,false,false,false);
INSERT INTO ms.tipocomprobante(id, numero, nombre, nombreimprimir, abreviatura, sucursal, tipocomprobanteconcepto, tipocomprobanteclase, obsoleto, stock, ventas, fondos, compras, contabilidad, devoluciones, tambos, produccion, rrhh) VALUES ('258',258,'Devolución Taller (roldan)','Devolución Taller (roldan','DT','3','I','5',false,true,true,false,false,false,false,false,false,false);
INSERT INTO ms.tipocomprobante(id, numero, nombre, nombreimprimir, abreviatura, sucursal, tipocomprobanteconcepto, tipocomprobanteclase, obsoleto, stock, ventas, fondos, compras, contabilidad, devoluciones, tambos, produccion, rrhh) VALUES ('259',259,'Devolución Taller JD','Devolución Taller JD','DT','4','I','5',false,true,true,false,false,false,false,false,false,false);
INSERT INTO ms.tipocomprobante(id, numero, nombre, nombreimprimir, abreviatura, sucursal, tipocomprobanteconcepto, tipocomprobanteclase, obsoleto, stock, ventas, fondos, compras, contabilidad, devoluciones, tambos, produccion, rrhh) VALUES ('623',623,'Devolución Taller JD RIII ','Devolución Taller JD RIII','DT','4','I','5',false,true,true,false,false,false,false,false,false,false);
INSERT INTO ms.tipocomprobante(id, numero, nombre, nombreimprimir, abreviatura, sucursal, tipocomprobanteconcepto, tipocomprobanteclase, obsoleto, stock, ventas, fondos, compras, contabilidad, devoluciones, tambos, produccion, rrhh) VALUES ('520',520,'Egreso de Fondo','Egreso de Fondo','EGR','1','S','8',false,false,false,true,false,true,false,false,false,false);
INSERT INTO ms.tipocomprobante(id, numero, nombre, nombreimprimir, abreviatura, sucursal, tipocomprobanteconcepto, tipocomprobanteclase, obsoleto, stock, ventas, fondos, compras, contabilidad, devoluciones, tambos, produccion, rrhh) VALUES ('532',532,'Egreso de Fondo JD','Egreso de Fondo JD','EGR','2','S','8',false,false,false,true,false,true,false,false,false,false);
INSERT INTO ms.tipocomprobante(id, numero, nombre, nombreimprimir, abreviatura, sucursal, tipocomprobanteconcepto, tipocomprobanteclase, obsoleto, stock, ventas, fondos, compras, contabilidad, devoluciones, tambos, produccion, rrhh) VALUES ('530',530,'Egreso de Fondo ROL','Egreso de Fondo ROL','EGR','3','S','8',false,false,false,true,false,true,false,false,false,false);
INSERT INTO ms.tipocomprobante(id, numero, nombre, nombreimprimir, abreviatura, sucursal, tipocomprobanteconcepto, tipocomprobanteclase, obsoleto, stock, ventas, fondos, compras, contabilidad, devoluciones, tambos, produccion, rrhh) VALUES ('531',531,'Egreso de Fondo ROS','Egreso de Fondo ROS','EGR','2','S','8',false,false,false,true,false,true,false,false,false,false);
INSERT INTO ms.tipocomprobante(id, numero, nombre, nombreimprimir, abreviatura, sucursal, tipocomprobanteconcepto, tipocomprobanteclase, obsoleto, stock, ventas, fondos, compras, contabilidad, devoluciones, tambos, produccion, rrhh) VALUES ('71',71,'Egreso de Stock ROL','Egreso de Stock','EGR','3','E','7',false,true,false,false,false,false,false,false,false,false);
INSERT INTO ms.tipocomprobante(id, numero, nombre, nombreimprimir, abreviatura, sucursal, tipocomprobanteconcepto, tipocomprobanteclase, obsoleto, stock, ventas, fondos, compras, contabilidad, devoluciones, tambos, produccion, rrhh) VALUES ('60',60,'Egreso de Stock VIP','Egreso de Stock','EGR','2','E','7',false,true,false,false,false,false,false,false,false,false);
INSERT INTO ms.tipocomprobante(id, numero, nombre, nombreimprimir, abreviatura, sucursal, tipocomprobanteconcepto, tipocomprobanteclase, obsoleto, stock, ventas, fondos, compras, contabilidad, devoluciones, tambos, produccion, rrhh) VALUES ('811',811,'Fac.Serv.Públicos A','Fac.Serv.Públicos A','Fspub','1','D','11',false,false,false,true,true,true,false,false,false,false);
INSERT INTO ms.tipocomprobante(id, numero, nombre, nombreimprimir, abreviatura, sucursal, tipocomprobanteconcepto, tipocomprobanteclase, obsoleto, stock, ventas, fondos, compras, contabilidad, devoluciones, tambos, produccion, rrhh) VALUES ('909',909,'Fac.Serv.Públicos AVIPECOR','Fac.Serv.Públicos AVIP ','Fspub','2','D','11',false,false,false,true,true,true,false,false,false,false);
INSERT INTO ms.tipocomprobante(id, numero, nombre, nombreimprimir, abreviatura, sucursal, tipocomprobanteconcepto, tipocomprobanteclase, obsoleto, stock, ventas, fondos, compras, contabilidad, devoluciones, tambos, produccion, rrhh) VALUES ('973',973,'Fac.Serv.Públicos A Rol','Fac.Serv.Públicos A Rol','Fspub','3','D','11',false,false,false,true,true,true,false,false,false,false);
INSERT INTO ms.tipocomprobante(id, numero, nombre, nombreimprimir, abreviatura, sucursal, tipocomprobanteconcepto, tipocomprobanteclase, obsoleto, stock, ventas, fondos, compras, contabilidad, devoluciones, tambos, produccion, rrhh) VALUES ('215',215,'Fact p/cta.tercero','Fact p/cta.tercero','FAC','1','D','1',false,false,true,true,false,true,false,false,false,false);
INSERT INTO ms.tipocomprobante(id, numero, nombre, nombreimprimir, abreviatura, sucursal, tipocomprobanteconcepto, tipocomprobanteclase, obsoleto, stock, ventas, fondos, compras, contabilidad, devoluciones, tambos, produccion, rrhh) VALUES ('102',102,'Factura A 06','Factura','FAC','1','D','1',false,true,true,true,false,true,false,false,false,false);
INSERT INTO ms.tipocomprobante(id, numero, nombre, nombreimprimir, abreviatura, sucursal, tipocomprobanteconcepto, tipocomprobanteclase, obsoleto, stock, ventas, fondos, compras, contabilidad, devoluciones, tambos, produccion, rrhh) VALUES ('120',120,'Factura A 13','Factura','FAC','3','D','1',false,true,true,true,false,true,false,false,false,false);
INSERT INTO ms.tipocomprobante(id, numero, nombre, nombreimprimir, abreviatura, sucursal, tipocomprobanteconcepto, tipocomprobanteclase, obsoleto, stock, ventas, fondos, compras, contabilidad, devoluciones, tambos, produccion, rrhh) VALUES ('105',105,'Factura A 13 Por Cuenta Y Orden ','Factura','FAC','3','D','1',false,true,true,true,false,true,false,false,false,false);
INSERT INTO ms.tipocomprobante(id, numero, nombre, nombreimprimir, abreviatura, sucursal, tipocomprobanteconcepto, tipocomprobanteclase, obsoleto, stock, ventas, fondos, compras, contabilidad, devoluciones, tambos, produccion, rrhh) VALUES ('112',112,'Factura B 06','Factura','FAC','1','D','1',false,true,true,true,false,true,false,false,false,false);
INSERT INTO ms.tipocomprobante(id, numero, nombre, nombreimprimir, abreviatura, sucursal, tipocomprobanteconcepto, tipocomprobanteclase, obsoleto, stock, ventas, fondos, compras, contabilidad, devoluciones, tambos, produccion, rrhh) VALUES ('119',119,'Factura B 13','Factura','FAC','3','D','1',false,true,true,true,false,true,false,false,false,false);
INSERT INTO ms.tipocomprobante(id, numero, nombre, nombreimprimir, abreviatura, sucursal, tipocomprobanteconcepto, tipocomprobanteclase, obsoleto, stock, ventas, fondos, compras, contabilidad, devoluciones, tambos, produccion, rrhh) VALUES ('106',106,'Factura B 13 por cuenta y Orden ','Factura','FAC','3','D','1',false,true,true,true,false,true,false,false,false,false);
INSERT INTO ms.tipocomprobante(id, numero, nombre, nombreimprimir, abreviatura, sucursal, tipocomprobanteconcepto, tipocomprobanteclase, obsoleto, stock, ventas, fondos, compras, contabilidad, devoluciones, tambos, produccion, rrhh) VALUES ('840',840,'Factura de Terceros IJD','Factura de Terceros IJD','Fc.T ','1','D','15',true,false,false,true,true,true,false,false,false,false);
INSERT INTO ms.tipocomprobante(id, numero, nombre, nombreimprimir, abreviatura, sucursal, tipocomprobanteconcepto, tipocomprobanteclase, obsoleto, stock, ventas, fondos, compras, contabilidad, devoluciones, tambos, produccion, rrhh) VALUES ('803',803,'Factura M','Factura M','Fac.M','1','D','11',false,false,false,true,true,true,false,false,false,false);
INSERT INTO ms.tipocomprobante(id, numero, nombre, nombreimprimir, abreviatura, sucursal, tipocomprobanteconcepto, tipocomprobanteclase, obsoleto, stock, ventas, fondos, compras, contabilidad, devoluciones, tambos, produccion, rrhh) VALUES ('954',954,'Factura M Rol','Factura M','Fac.M','3','D','11',false,false,false,true,true,true,false,false,false,false);
INSERT INTO ms.tipocomprobante(id, numero, nombre, nombreimprimir, abreviatura, sucursal, tipocomprobanteconcepto, tipocomprobanteclase, obsoleto, stock, ventas, fondos, compras, contabilidad, devoluciones, tambos, produccion, rrhh) VALUES ('423',423,'Factura Pro-Forma','Factura Pro-Forma','PROF ','1','S','6',false,true,true,false,false,false,false,false,false,false);
INSERT INTO ms.tipocomprobante(id, numero, nombre, nombreimprimir, abreviatura, sucursal, tipocomprobanteconcepto, tipocomprobanteclase, obsoleto, stock, ventas, fondos, compras, contabilidad, devoluciones, tambos, produccion, rrhh) VALUES ('10021',10021,'Factura Pro-Forma Roldan','Factura Pro-Forma Roldan ','FPOF ','3','S','6',false,false,true,false,false,false,false,false,false,false);
INSERT INTO ms.tipocomprobante(id, numero, nombre, nombreimprimir, abreviatura, sucursal, tipocomprobanteconcepto, tipocomprobanteclase, obsoleto, stock, ventas, fondos, compras, contabilidad, devoluciones, tambos, produccion, rrhh) VALUES ('900',900,'FacturasA VIPECOR','FacturasA VIPECOR','FACc ','2','D','11',false,false,false,true,true,true,false,false,false,false);
INSERT INTO ms.tipocomprobante(id, numero, nombre, nombreimprimir, abreviatura, sucursal, tipocomprobanteconcepto, tipocomprobanteclase, obsoleto, stock, ventas, fondos, compras, contabilidad, devoluciones, tambos, produccion, rrhh) VALUES ('901',901,'FacturasC VIPECOR','FacturasC VIPECOR','FACc ','2','D','11',false,false,false,true,true,true,false,false,false,false);
INSERT INTO ms.tipocomprobante(id, numero, nombre, nombreimprimir, abreviatura, sucursal, tipocomprobanteconcepto, tipocomprobanteclase, obsoleto, stock, ventas, fondos, compras, contabilidad, devoluciones, tambos, produccion, rrhh) VALUES ('800',800,'Facturas A ','Facturas A ','FACc ','1','D','11',false,false,false,true,true,true,false,false,false,false);
INSERT INTO ms.tipocomprobante(id, numero, nombre, nombreimprimir, abreviatura, sucursal, tipocomprobanteconcepto, tipocomprobanteclase, obsoleto, stock, ventas, fondos, compras, contabilidad, devoluciones, tambos, produccion, rrhh) VALUES ('974',974,'Facturas A Rol ','Facturas A Rol ','FACc ','3','D','11',false,false,false,true,true,true,false,false,false,false);
INSERT INTO ms.tipocomprobante(id, numero, nombre, nombreimprimir, abreviatura, sucursal, tipocomprobanteconcepto, tipocomprobanteclase, obsoleto, stock, ventas, fondos, compras, contabilidad, devoluciones, tambos, produccion, rrhh) VALUES ('980',980,'Facturas A Vetaro JD','Facturas A Vetaro JD','FACc ','4','D','11',false,false,false,true,true,true,false,false,false,false);
INSERT INTO ms.tipocomprobante(id, numero, nombre, nombreimprimir, abreviatura, sucursal, tipocomprobanteconcepto, tipocomprobanteclase, obsoleto, stock, ventas, fondos, compras, contabilidad, devoluciones, tambos, produccion, rrhh) VALUES ('801',801,'Facturas C ','Facturas C ','FACc ','1','D','11',false,false,false,true,true,true,false,false,false,false);
INSERT INTO ms.tipocomprobante(id, numero, nombre, nombreimprimir, abreviatura, sucursal, tipocomprobanteconcepto, tipocomprobanteclase, obsoleto, stock, ventas, fondos, compras, contabilidad, devoluciones, tambos, produccion, rrhh) VALUES ('955',955,'Facturas C Rol ','Facturas C Rol ','FACc ','3','D','11',false,false,false,true,true,true,false,false,false,false);
INSERT INTO ms.tipocomprobante(id, numero, nombre, nombreimprimir, abreviatura, sucursal, tipocomprobanteconcepto, tipocomprobanteclase, obsoleto, stock, ventas, fondos, compras, contabilidad, devoluciones, tambos, produccion, rrhh) VALUES ('981',981,'Facturas C Vetaro JD','Facturas C Vetaro JD','FACc ','4','D','11',false,false,false,true,true,true,false,false,false,false);
INSERT INTO ms.tipocomprobante(id, numero, nombre, nombreimprimir, abreviatura, sucursal, tipocomprobanteconcepto, tipocomprobanteclase, obsoleto, stock, ventas, fondos, compras, contabilidad, devoluciones, tambos, produccion, rrhh) VALUES ('921',921,'Facturas M VIPECOR','Facturas M VIPECOR','FACc ','2','D','11',false,false,false,true,true,true,false,false,false,false);
INSERT INTO ms.tipocomprobante(id, numero, nombre, nombreimprimir, abreviatura, sucursal, tipocomprobanteconcepto, tipocomprobanteclase, obsoleto, stock, ventas, fondos, compras, contabilidad, devoluciones, tambos, produccion, rrhh) VALUES ('850',850,'Garantía','Garantía','Gtia ','1','A','31',false,false,false,false,false,false,true,false,false,false);
INSERT INTO ms.tipocomprobante(id, numero, nombre, nombreimprimir, abreviatura, sucursal, tipocomprobanteconcepto, tipocomprobanteclase, obsoleto, stock, ventas, fondos, compras, contabilidad, devoluciones, tambos, produccion, rrhh) VALUES ('103',103,'Garcia Factura A 03','Factura','FAC','1','D','1',false,true,true,true,false,true,false,false,false,false);
INSERT INTO ms.tipocomprobante(id, numero, nombre, nombreimprimir, abreviatura, sucursal, tipocomprobanteconcepto, tipocomprobanteclase, obsoleto, stock, ventas, fondos, compras, contabilidad, devoluciones, tambos, produccion, rrhh) VALUES ('113',113,'Garcia Factura B 03','Factura','FAC','1','D','1',false,true,true,true,false,true,false,false,false,false);
INSERT INTO ms.tipocomprobante(id, numero, nombre, nombreimprimir, abreviatura, sucursal, tipocomprobanteconcepto, tipocomprobanteclase, obsoleto, stock, ventas, fondos, compras, contabilidad, devoluciones, tambos, produccion, rrhh) VALUES ('502',502,'Ingreso de Fondo ','Ingreso Fondo','ING','1','S','8',false,false,false,true,false,true,false,false,false,false);
INSERT INTO ms.tipocomprobante(id, numero, nombre, nombreimprimir, abreviatura, sucursal, tipocomprobanteconcepto, tipocomprobanteclase, obsoleto, stock, ventas, fondos, compras, contabilidad, devoluciones, tambos, produccion, rrhh) VALUES ('538',538,'Ingreso de Fondo JD','Ingreso de Fondo JD','ING','4','S','8',false,false,false,true,false,true,false,false,false,false);
INSERT INTO ms.tipocomprobante(id, numero, nombre, nombreimprimir, abreviatura, sucursal, tipocomprobanteconcepto, tipocomprobanteclase, obsoleto, stock, ventas, fondos, compras, contabilidad, devoluciones, tambos, produccion, rrhh) VALUES ('536',536,'Ingreso de Fondo ROL','Ingreso de Fondo ROL','ING','3','S','8',false,false,false,true,false,true,false,false,false,false);
INSERT INTO ms.tipocomprobante(id, numero, nombre, nombreimprimir, abreviatura, sucursal, tipocomprobanteconcepto, tipocomprobanteclase, obsoleto, stock, ventas, fondos, compras, contabilidad, devoluciones, tambos, produccion, rrhh) VALUES ('537',537,'Ingreso de Fondo ROS','Ingreso de Fondo ROS','ING','2','S','8',false,false,false,true,false,true,false,false,false,false);
INSERT INTO ms.tipocomprobante(id, numero, nombre, nombreimprimir, abreviatura, sucursal, tipocomprobanteconcepto, tipocomprobanteclase, obsoleto, stock, ventas, fondos, compras, contabilidad, devoluciones, tambos, produccion, rrhh) VALUES ('70',70,'Ingreso de Stock ROL','Ingreso de Stock ','ING','3','I','7',false,true,false,false,false,false,false,false,false,false);
INSERT INTO ms.tipocomprobante(id, numero, nombre, nombreimprimir, abreviatura, sucursal, tipocomprobanteconcepto, tipocomprobanteclase, obsoleto, stock, ventas, fondos, compras, contabilidad, devoluciones, tambos, produccion, rrhh) VALUES ('10015',10015,'Ingreso de Stock ROL desde RIO TERCERO','Ingreso de Stock ROL desd','ING','3','I','7',false,true,false,false,false,false,false,false,false,false);
INSERT INTO ms.tipocomprobante(id, numero, nombre, nombreimprimir, abreviatura, sucursal, tipocomprobanteconcepto, tipocomprobanteclase, obsoleto, stock, ventas, fondos, compras, contabilidad, devoluciones, tambos, produccion, rrhh) VALUES ('85',85,'Ingreso de Stock ROL desde ROSARIO','Ingreso de Stock ','ING','3','I','7',false,true,false,false,false,false,false,false,false,false);
INSERT INTO ms.tipocomprobante(id, numero, nombre, nombreimprimir, abreviatura, sucursal, tipocomprobanteconcepto, tipocomprobanteclase, obsoleto, stock, ventas, fondos, compras, contabilidad, devoluciones, tambos, produccion, rrhh) VALUES ('84',84,'Ingreso de Stock ROL desde VILLA MARIA','Ingreso de Stock ROL','ING','3','I','7',false,true,false,false,false,false,false,false,false,false);
INSERT INTO ms.tipocomprobante(id, numero, nombre, nombreimprimir, abreviatura, sucursal, tipocomprobanteconcepto, tipocomprobanteclase, obsoleto, stock, ventas, fondos, compras, contabilidad, devoluciones, tambos, produccion, rrhh) VALUES ('83',83,'Ingreso de Stock ROS desde ROLDAN','Ingreso de Stock ','ING','2','I','7',false,true,false,false,false,false,false,false,false,false);
INSERT INTO ms.tipocomprobante(id, numero, nombre, nombreimprimir, abreviatura, sucursal, tipocomprobanteconcepto, tipocomprobanteclase, obsoleto, stock, ventas, fondos, compras, contabilidad, devoluciones, tambos, produccion, rrhh) VALUES ('82',82,'Ingreso de Stock ROS desde VILLA MARIA','Ingreso de Stock ','ING','2','I','7',false,true,false,false,false,false,false,false,false,false);
INSERT INTO ms.tipocomprobante(id, numero, nombre, nombreimprimir, abreviatura, sucursal, tipocomprobanteconcepto, tipocomprobanteclase, obsoleto, stock, ventas, fondos, compras, contabilidad, devoluciones, tambos, produccion, rrhh) VALUES ('50',50,'Ingreso de Stock VIP','Ingreso de Stock ','ING','2','I','7',false,true,false,false,false,false,false,false,false,false);
INSERT INTO ms.tipocomprobante(id, numero, nombre, nombreimprimir, abreviatura, sucursal, tipocomprobanteconcepto, tipocomprobanteclase, obsoleto, stock, ventas, fondos, compras, contabilidad, devoluciones, tambos, produccion, rrhh) VALUES ('79',79,'Ingreso de Stock VM desde JD','Ingreso de Stock ','ING','1','I','7',false,true,false,false,false,false,false,false,false,false);
INSERT INTO ms.tipocomprobante(id, numero, nombre, nombreimprimir, abreviatura, sucursal, tipocomprobanteconcepto, tipocomprobanteclase, obsoleto, stock, ventas, fondos, compras, contabilidad, devoluciones, tambos, produccion, rrhh) VALUES ('81',81,'Ingreso de Stock VM desde ROLDAN',' Ingreso de Stock','ING','1','I','7',false,true,false,false,false,false,false,false,false,false);
INSERT INTO ms.tipocomprobante(id, numero, nombre, nombreimprimir, abreviatura, sucursal, tipocomprobanteconcepto, tipocomprobanteclase, obsoleto, stock, ventas, fondos, compras, contabilidad, devoluciones, tambos, produccion, rrhh) VALUES ('92',92,'Ingreso de Stock VM desde ROLDANjd','Ingreso de Stock VM desde','ING','4','I','7',false,true,false,false,false,false,false,false,false,false);
INSERT INTO ms.tipocomprobante(id, numero, nombre, nombreimprimir, abreviatura, sucursal, tipocomprobanteconcepto, tipocomprobanteclase, obsoleto, stock, ventas, fondos, compras, contabilidad, devoluciones, tambos, produccion, rrhh) VALUES ('80',80,'Ingreso de Stock VM desde ROSARIO',' Ingreso de Stock','ING','1','I','7',false,true,false,false,false,false,false,false,false,false);
INSERT INTO ms.tipocomprobante(id, numero, nombre, nombreimprimir, abreviatura, sucursal, tipocomprobanteconcepto, tipocomprobanteclase, obsoleto, stock, ventas, fondos, compras, contabilidad, devoluciones, tambos, produccion, rrhh) VALUES ('90',90,'Ingreso de Stock VM desde ROSARIOjd','Ingreso de Stock VM desde','ING','4','I','7',false,true,false,false,false,false,false,false,false,false);
INSERT INTO ms.tipocomprobante(id, numero, nombre, nombreimprimir, abreviatura, sucursal, tipocomprobanteconcepto, tipocomprobanteclase, obsoleto, stock, ventas, fondos, compras, contabilidad, devoluciones, tambos, produccion, rrhh) VALUES ('72',72,'Inventario ROL ','Inventario ','INV','3','V','7',false,true,false,false,false,false,false,false,false,false);
INSERT INTO ms.tipocomprobante(id, numero, nombre, nombreimprimir, abreviatura, sucursal, tipocomprobanteconcepto, tipocomprobanteclase, obsoleto, stock, ventas, fondos, compras, contabilidad, devoluciones, tambos, produccion, rrhh) VALUES ('13',13,'Inventario VET ','Inventario ','INV','1','V','7',false,true,false,false,false,false,false,false,false,false);
INSERT INTO ms.tipocomprobante(id, numero, nombre, nombreimprimir, abreviatura, sucursal, tipocomprobanteconcepto, tipocomprobanteclase, obsoleto, stock, ventas, fondos, compras, contabilidad, devoluciones, tambos, produccion, rrhh) VALUES ('27',27,'Inventario VETjd ','Inventario VETjd ','INV','4','V','7',false,true,false,false,false,false,false,false,false,false);
INSERT INTO ms.tipocomprobante(id, numero, nombre, nombreimprimir, abreviatura, sucursal, tipocomprobanteconcepto, tipocomprobanteclase, obsoleto, stock, ventas, fondos, compras, contabilidad, devoluciones, tambos, produccion, rrhh) VALUES ('65',65,'Inventario VIP ','Inventario ','INV','2','V','7',false,true,false,false,false,false,false,false,false,false);
INSERT INTO ms.tipocomprobante(id, numero, nombre, nombreimprimir, abreviatura, sucursal, tipocomprobanteconcepto, tipocomprobanteclase, obsoleto, stock, ventas, fondos, compras, contabilidad, devoluciones, tambos, produccion, rrhh) VALUES ('816',816,'Liquidación A','Liquidación A','Liq','1','D','11',false,false,false,true,true,true,false,false,false,false);
INSERT INTO ms.tipocomprobante(id, numero, nombre, nombreimprimir, abreviatura, sucursal, tipocomprobanteconcepto, tipocomprobanteclase, obsoleto, stock, ventas, fondos, compras, contabilidad, devoluciones, tambos, produccion, rrhh) VALUES ('956',956,'Liquidación A Rol','Liquidación A Rol','Liq','3','D','11',false,false,false,true,true,true,false,false,false,false);
INSERT INTO ms.tipocomprobante(id, numero, nombre, nombreimprimir, abreviatura, sucursal, tipocomprobanteconcepto, tipocomprobanteclase, obsoleto, stock, ventas, fondos, compras, contabilidad, devoluciones, tambos, produccion, rrhh) VALUES ('911',911,'Liquidación A VIPECOR ','Liquidación A VIPECOR ','Liq','2','D','11',false,false,false,true,true,true,false,false,false,false);
INSERT INTO ms.tipocomprobante(id, numero, nombre, nombreimprimir, abreviatura, sucursal, tipocomprobanteconcepto, tipocomprobanteclase, obsoleto, stock, ventas, fondos, compras, contabilidad, devoluciones, tambos, produccion, rrhh) VALUES ('817',817,'Liquidación C','Liquidación C','Liq','1','D','11',false,false,false,true,true,true,false,false,false,false);
INSERT INTO ms.tipocomprobante(id, numero, nombre, nombreimprimir, abreviatura, sucursal, tipocomprobanteconcepto, tipocomprobanteclase, obsoleto, stock, ventas, fondos, compras, contabilidad, devoluciones, tambos, produccion, rrhh) VALUES ('957',957,'Liquidación C Rol','Liquidación C Rol','Liq','3','D','11',false,false,false,true,true,true,false,false,false,false);
INSERT INTO ms.tipocomprobante(id, numero, nombre, nombreimprimir, abreviatura, sucursal, tipocomprobanteconcepto, tipocomprobanteclase, obsoleto, stock, ventas, fondos, compras, contabilidad, devoluciones, tambos, produccion, rrhh) VALUES ('912',912,'Liquidación C VIPECOR ','Liquidación C VIPECOR ','Liq','2','D','11',false,false,false,true,true,true,false,false,false,false);
INSERT INTO ms.tipocomprobante(id, numero, nombre, nombreimprimir, abreviatura, sucursal, tipocomprobanteconcepto, tipocomprobanteclase, obsoleto, stock, ventas, fondos, compras, contabilidad, devoluciones, tambos, produccion, rrhh) VALUES ('104',104,'Martinéz Factura A 07 ','Factura','FAC','1','D','1',false,true,true,true,false,true,false,false,false,false);
INSERT INTO ms.tipocomprobante(id, numero, nombre, nombreimprimir, abreviatura, sucursal, tipocomprobanteconcepto, tipocomprobanteclase, obsoleto, stock, ventas, fondos, compras, contabilidad, devoluciones, tambos, produccion, rrhh) VALUES ('114',114,'Martinéz Factura B 07 ','Factura','FAC','1','D','1',false,true,true,true,false,true,false,false,false,false);
INSERT INTO ms.tipocomprobante(id, numero, nombre, nombreimprimir, abreviatura, sucursal, tipocomprobanteconcepto, tipocomprobanteclase, obsoleto, stock, ventas, fondos, compras, contabilidad, devoluciones, tambos, produccion, rrhh) VALUES ('164',164,'N. Crédito A X Anticipo','N. Crédito A X Anticipo','Antic','1','C','3',false,true,true,true,false,true,false,false,false,false);
INSERT INTO ms.tipocomprobante(id, numero, nombre, nombreimprimir, abreviatura, sucursal, tipocomprobanteconcepto, tipocomprobanteclase, obsoleto, stock, ventas, fondos, compras, contabilidad, devoluciones, tambos, produccion, rrhh) VALUES ('884',884,'N.Débito A X Anticipo ','N.Débito A X Anticipo ','D.Ant','1','D','12',false,false,false,true,true,true,false,false,false,false);
INSERT INTO ms.tipocomprobante(id, numero, nombre, nombreimprimir, abreviatura, sucursal, tipocomprobanteconcepto, tipocomprobanteclase, obsoleto, stock, ventas, fondos, compras, contabilidad, devoluciones, tambos, produccion, rrhh) VALUES ('958',958,'N.Débito A X Anticipo Rol ','N.Débito A X Anticipo Rol','D.Ant','3','D','12',false,false,false,true,true,true,false,false,false,false);
INSERT INTO ms.tipocomprobante(id, numero, nombre, nombreimprimir, abreviatura, sucursal, tipocomprobanteconcepto, tipocomprobanteclase, obsoleto, stock, ventas, fondos, compras, contabilidad, devoluciones, tambos, produccion, rrhh) VALUES ('115',115,'Nicola E. Factura A 11','Factura','FAC','1','D','1',false,true,true,true,false,true,false,false,false,false);
INSERT INTO ms.tipocomprobante(id, numero, nombre, nombreimprimir, abreviatura, sucursal, tipocomprobanteconcepto, tipocomprobanteclase, obsoleto, stock, ventas, fondos, compras, contabilidad, devoluciones, tambos, produccion, rrhh) VALUES ('116',116,'Nicola E. Factura B 11','Factura','FAC','1','D','1',false,true,true,true,false,true,false,false,false,false);
INSERT INTO ms.tipocomprobante(id, numero, nombre, nombreimprimir, abreviatura, sucursal, tipocomprobanteconcepto, tipocomprobanteclase, obsoleto, stock, ventas, fondos, compras, contabilidad, devoluciones, tambos, produccion, rrhh) VALUES ('805',805,'Nota de Crédito A','Nota de Crédito A','CREc ','1','C','13',false,false,false,true,true,true,false,false,false,false);
INSERT INTO ms.tipocomprobante(id, numero, nombre, nombreimprimir, abreviatura, sucursal, tipocomprobanteconcepto, tipocomprobanteclase, obsoleto, stock, ventas, fondos, compras, contabilidad, devoluciones, tambos, produccion, rrhh) VALUES ('806',806,'Nota de Crédito A DEV ','Nota de Credito A DEV ','DEVc ','1','C','13',false,false,false,true,true,true,false,false,false,false);
INSERT INTO ms.tipocomprobante(id, numero, nombre, nombreimprimir, abreviatura, sucursal, tipocomprobanteconcepto, tipocomprobanteclase, obsoleto, stock, ventas, fondos, compras, contabilidad, devoluciones, tambos, produccion, rrhh) VALUES ('960',960,'Nota de Crédito A DEV Rol ','Nota de Crédito A DEV Rol','DEVc ','3','C','13',false,false,false,true,true,true,false,false,false,false);
INSERT INTO ms.tipocomprobante(id, numero, nombre, nombreimprimir, abreviatura, sucursal, tipocomprobanteconcepto, tipocomprobanteclase, obsoleto, stock, ventas, fondos, compras, contabilidad, devoluciones, tambos, produccion, rrhh) VALUES ('984',984,'Nota de Crédito A DEV Vetaro JD ','Nota de Crédito A DEV Vet','DEVc ','4','D','13',false,false,false,true,true,true,false,false,false,false);
INSERT INTO ms.tipocomprobante(id, numero, nombre, nombreimprimir, abreviatura, sucursal, tipocomprobanteconcepto, tipocomprobanteclase, obsoleto, stock, ventas, fondos, compras, contabilidad, devoluciones, tambos, produccion, rrhh) VALUES ('906',906,'Nota de Crédito A DEV VIPECOR ','Nota de Crédito A DEV VIP','DEVc ','2','C','13',false,false,false,true,true,true,false,false,false,false);
INSERT INTO ms.tipocomprobante(id, numero, nombre, nombreimprimir, abreviatura, sucursal, tipocomprobanteconcepto, tipocomprobanteclase, obsoleto, stock, ventas, fondos, compras, contabilidad, devoluciones, tambos, produccion, rrhh) VALUES ('959',959,'Nota de Crédito A Rol ','Nota de Crédito A Rol ','CREc ','3','C','13',false,false,false,true,true,true,false,false,false,false);
INSERT INTO ms.tipocomprobante(id, numero, nombre, nombreimprimir, abreviatura, sucursal, tipocomprobanteconcepto, tipocomprobanteclase, obsoleto, stock, ventas, fondos, compras, contabilidad, devoluciones, tambos, produccion, rrhh) VALUES ('982',982,'Nota de Crédito A Vetaro JD','Nota de Crédito A Vetaro ','CREc ','4','C','13',false,false,false,true,true,true,false,false,false,false);
INSERT INTO ms.tipocomprobante(id, numero, nombre, nombreimprimir, abreviatura, sucursal, tipocomprobanteconcepto, tipocomprobanteclase, obsoleto, stock, ventas, fondos, compras, contabilidad, devoluciones, tambos, produccion, rrhh) VALUES ('905',905,'Nota de Crédito A VIPECOR ','Nota de Crédito A VIPECOR','CREc ','2','C','13',false,false,false,true,true,true,false,false,false,false);
INSERT INTO ms.tipocomprobante(id, numero, nombre, nombreimprimir, abreviatura, sucursal, tipocomprobanteconcepto, tipocomprobanteclase, obsoleto, stock, ventas, fondos, compras, contabilidad, devoluciones, tambos, produccion, rrhh) VALUES ('815',815,'Nota de Crédito C','Nota de Crédito C','CREc ','1','C','13',false,false,false,true,true,true,false,false,false,false);
INSERT INTO ms.tipocomprobante(id, numero, nombre, nombreimprimir, abreviatura, sucursal, tipocomprobanteconcepto, tipocomprobanteclase, obsoleto, stock, ventas, fondos, compras, contabilidad, devoluciones, tambos, produccion, rrhh) VALUES ('807',807,'Nota de Crédito C DEV ','Nota de Crédito C DEV ','DEVc ','1','C','13',false,false,false,true,true,true,false,false,false,false);
INSERT INTO ms.tipocomprobante(id, numero, nombre, nombreimprimir, abreviatura, sucursal, tipocomprobanteconcepto, tipocomprobanteclase, obsoleto, stock, ventas, fondos, compras, contabilidad, devoluciones, tambos, produccion, rrhh) VALUES ('975',975,'Nota de Crédito C DEV Rol ','Nota de Crédito C DEV Rol','DEVc ','3','C','13',false,false,false,true,true,true,false,false,false,false);
INSERT INTO ms.tipocomprobante(id, numero, nombre, nombreimprimir, abreviatura, sucursal, tipocomprobanteconcepto, tipocomprobanteclase, obsoleto, stock, ventas, fondos, compras, contabilidad, devoluciones, tambos, produccion, rrhh) VALUES ('986',986,'Nota de Crédito C DEV Vetaro JD ','Nota de Crédito C DEV Vet','DEVc ','4','C','13',false,false,false,true,true,true,false,false,false,false);
INSERT INTO ms.tipocomprobante(id, numero, nombre, nombreimprimir, abreviatura, sucursal, tipocomprobanteconcepto, tipocomprobanteclase, obsoleto, stock, ventas, fondos, compras, contabilidad, devoluciones, tambos, produccion, rrhh) VALUES ('907',907,'Nota de Crédito C DEV VIPECOR ','Nota de Crédito C DEV VIP','DEVc ','2','C','13',false,false,false,true,true,true,false,false,false,false);
INSERT INTO ms.tipocomprobante(id, numero, nombre, nombreimprimir, abreviatura, sucursal, tipocomprobanteconcepto, tipocomprobanteclase, obsoleto, stock, ventas, fondos, compras, contabilidad, devoluciones, tambos, produccion, rrhh) VALUES ('961',961,'Nota de Crédito C Rol ','Nota de Crédito C Rol ','CREc ','3','C','13',false,false,false,true,true,true,false,false,false,false);
INSERT INTO ms.tipocomprobante(id, numero, nombre, nombreimprimir, abreviatura, sucursal, tipocomprobanteconcepto, tipocomprobanteclase, obsoleto, stock, ventas, fondos, compras, contabilidad, devoluciones, tambos, produccion, rrhh) VALUES ('985',985,'Nota de Crédito C Vetaro JD','Nota de Crédito C Vetaro ','CREc ','4','C','13',false,false,false,true,true,true,false,false,false,false);
INSERT INTO ms.tipocomprobante(id, numero, nombre, nombreimprimir, abreviatura, sucursal, tipocomprobanteconcepto, tipocomprobanteclase, obsoleto, stock, ventas, fondos, compras, contabilidad, devoluciones, tambos, produccion, rrhh) VALUES ('915',915,'Nota de Crédito C VIPECOR ','Nota de Crédito C VIPECOR','CREc ','2','C','13',false,false,false,true,true,true,false,false,false,false);
INSERT INTO ms.tipocomprobante(id, numero, nombre, nombreimprimir, abreviatura, sucursal, tipocomprobanteconcepto, tipocomprobanteclase, obsoleto, stock, ventas, fondos, compras, contabilidad, devoluciones, tambos, produccion, rrhh) VALUES ('804',804,'Nota de Débito A ','Nota de Débito A ','DEBc ','1','D','12',false,false,false,true,true,true,false,false,false,false);
INSERT INTO ms.tipocomprobante(id, numero, nombre, nombreimprimir, abreviatura, sucursal, tipocomprobanteconcepto, tipocomprobanteclase, obsoleto, stock, ventas, fondos, compras, contabilidad, devoluciones, tambos, produccion, rrhh) VALUES ('904',904,'Nota de Débito AVIPECOR ','Nota de Débito AVIPECOR','DEBc ','2','D','12',false,false,false,true,true,true,false,false,false,false);
INSERT INTO ms.tipocomprobante(id, numero, nombre, nombreimprimir, abreviatura, sucursal, tipocomprobanteconcepto, tipocomprobanteclase, obsoleto, stock, ventas, fondos, compras, contabilidad, devoluciones, tambos, produccion, rrhh) VALUES ('962',962,'Nota de Débito A Rol','Nota de Débito A Rol','DEBc ','3','D','12',false,false,false,true,true,true,false,false,false,false);
INSERT INTO ms.tipocomprobante(id, numero, nombre, nombreimprimir, abreviatura, sucursal, tipocomprobanteconcepto, tipocomprobanteclase, obsoleto, stock, ventas, fondos, compras, contabilidad, devoluciones, tambos, produccion, rrhh) VALUES ('987',987,'Nota de Débito A Vetaro JD','Nota de Débito A Vetaro J','DEBc ','4','D','12',false,false,false,true,true,true,false,false,false,false);
INSERT INTO ms.tipocomprobante(id, numero, nombre, nombreimprimir, abreviatura, sucursal, tipocomprobanteconcepto, tipocomprobanteclase, obsoleto, stock, ventas, fondos, compras, contabilidad, devoluciones, tambos, produccion, rrhh) VALUES ('963',963,'Nota de Débito C 1','Nota de Débito C ','DEBc ','3','D','12',false,false,false,true,true,true,false,false,false,false);
INSERT INTO ms.tipocomprobante(id, numero, nombre, nombreimprimir, abreviatura, sucursal, tipocomprobanteconcepto, tipocomprobanteclase, obsoleto, stock, ventas, fondos, compras, contabilidad, devoluciones, tambos, produccion, rrhh) VALUES ('814',814,'Nota de Débito C 2','Nota de Débito C ','DEBc ','1','D','12',false,false,false,true,true,true,false,false,false,false);
INSERT INTO ms.tipocomprobante(id, numero, nombre, nombreimprimir, abreviatura, sucursal, tipocomprobanteconcepto, tipocomprobanteclase, obsoleto, stock, ventas, fondos, compras, contabilidad, devoluciones, tambos, produccion, rrhh) VALUES ('988',988,'Nota de Débito C 2 Vetaro JD','Nota de Débito C 2 Vetaro','DEBc ','4','D','12',false,false,false,true,true,true,false,false,false,false);
INSERT INTO ms.tipocomprobante(id, numero, nombre, nombreimprimir, abreviatura, sucursal, tipocomprobanteconcepto, tipocomprobanteclase, obsoleto, stock, ventas, fondos, compras, contabilidad, devoluciones, tambos, produccion, rrhh) VALUES ('914',914,'Nota de Débito C VIPECOR','Nota de Débito C VIPECOR ','DEBc ','2','D','12',false,false,false,true,true,true,false,false,false,false);
INSERT INTO ms.tipocomprobante(id, numero, nombre, nombreimprimir, abreviatura, sucursal, tipocomprobanteconcepto, tipocomprobanteclase, obsoleto, stock, ventas, fondos, compras, contabilidad, devoluciones, tambos, produccion, rrhh) VALUES ('370',370,'nota de venta','nota de venta','NV','1','S','6',false,true,true,false,false,false,false,false,false,false);
INSERT INTO ms.tipocomprobante(id, numero, nombre, nombreimprimir, abreviatura, sucursal, tipocomprobanteconcepto, tipocomprobanteclase, obsoleto, stock, ventas, fondos, compras, contabilidad, devoluciones, tambos, produccion, rrhh) VALUES ('822',822,'Nta Créd.R.G.3419','Nta Créd.R.G.3419','NCRG ','1','C','13',false,false,false,true,true,true,false,false,false,false);
INSERT INTO ms.tipocomprobante(id, numero, nombre, nombreimprimir, abreviatura, sucursal, tipocomprobanteconcepto, tipocomprobanteclase, obsoleto, stock, ventas, fondos, compras, contabilidad, devoluciones, tambos, produccion, rrhh) VALUES ('834',834,'Nta Dbto A Ch.Rechazado','Nta Dbto A Ch.Rechazado','DEBc ','1','D','12',false,false,false,true,true,true,false,false,false,false);
INSERT INTO ms.tipocomprobante(id, numero, nombre, nombreimprimir, abreviatura, sucursal, tipocomprobanteconcepto, tipocomprobanteclase, obsoleto, stock, ventas, fondos, compras, contabilidad, devoluciones, tambos, produccion, rrhh) VALUES ('964',964,'Nta Dbto A Ch.Rechazado Rol','Nta Dbto A Ch.Rechazado R','DEBc ','3','D','12',false,false,false,true,true,true,false,false,false,false);
INSERT INTO ms.tipocomprobante(id, numero, nombre, nombreimprimir, abreviatura, sucursal, tipocomprobanteconcepto, tipocomprobanteclase, obsoleto, stock, ventas, fondos, compras, contabilidad, devoluciones, tambos, produccion, rrhh) VALUES ('990',990,'Nta Dbto A Ch.Rechazado Vetaro JD','Nta Dbto A Ch.Rechazado V','DEBc ','4','D','12',false,false,false,true,true,true,false,false,false,false);
INSERT INTO ms.tipocomprobante(id, numero, nombre, nombreimprimir, abreviatura, sucursal, tipocomprobanteconcepto, tipocomprobanteclase, obsoleto, stock, ventas, fondos, compras, contabilidad, devoluciones, tambos, produccion, rrhh) VALUES ('854',854,'Nta Dbto A Ch.Rechazado VIPECOR ','Nta Dbto A Ch.Rechazado','DEBc ','2','D','12',false,false,false,true,true,true,false,false,false,false);
INSERT INTO ms.tipocomprobante(id, numero, nombre, nombreimprimir, abreviatura, sucursal, tipocomprobanteconcepto, tipocomprobanteclase, obsoleto, stock, ventas, fondos, compras, contabilidad, devoluciones, tambos, produccion, rrhh) VALUES ('844',844,'Nta Dbto X Ch.Rechazado','Nta Dbto X Ch.Rechazado','DEBc ','1','D','12',false,false,false,true,true,true,false,false,false,false);
INSERT INTO ms.tipocomprobante(id, numero, nombre, nombreimprimir, abreviatura, sucursal, tipocomprobanteconcepto, tipocomprobanteclase, obsoleto, stock, ventas, fondos, compras, contabilidad, devoluciones, tambos, produccion, rrhh) VALUES ('965',965,'Nta Dbto X Ch.Rechazado Rol','Nta Dbto X Ch.Rechazado R','DEBc ','3','D','12',false,false,false,true,true,true,false,false,false,false);
INSERT INTO ms.tipocomprobante(id, numero, nombre, nombreimprimir, abreviatura, sucursal, tipocomprobanteconcepto, tipocomprobanteclase, obsoleto, stock, ventas, fondos, compras, contabilidad, devoluciones, tambos, produccion, rrhh) VALUES ('864',864,'Nta Dbto X Ch.Rechazado VIPECOR ','Nta Dbto X Ch.Rechazado','DEBc ','2','D','12',false,false,false,true,true,true,false,false,false,false);
INSERT INTO ms.tipocomprobante(id, numero, nombre, nombreimprimir, abreviatura, sucursal, tipocomprobanteconcepto, tipocomprobanteclase, obsoleto, stock, ventas, fondos, compras, contabilidad, devoluciones, tambos, produccion, rrhh) VALUES ('821',821,'Nta Déb. R.G.3419','Nta Déb. R.G.3419','NDRG ','1','D','12',false,false,false,true,true,true,false,false,false,false);
INSERT INTO ms.tipocomprobante(id, numero, nombre, nombreimprimir, abreviatura, sucursal, tipocomprobanteconcepto, tipocomprobanteclase, obsoleto, stock, ventas, fondos, compras, contabilidad, devoluciones, tambos, produccion, rrhh) VALUES ('132',132,'Olivero Factura A 15','Factura','FAC','1','D','1',false,true,true,true,false,true,false,false,false,false);
INSERT INTO ms.tipocomprobante(id, numero, nombre, nombreimprimir, abreviatura, sucursal, tipocomprobanteconcepto, tipocomprobanteclase, obsoleto, stock, ventas, fondos, compras, contabilidad, devoluciones, tambos, produccion, rrhh) VALUES ('133',133,'Olivero Factura B 15','Factura','FAC','1','D','1',false,true,true,true,false,true,false,false,false,false);
INSERT INTO ms.tipocomprobante(id, numero, nombre, nombreimprimir, abreviatura, sucursal, tipocomprobanteconcepto, tipocomprobanteclase, obsoleto, stock, ventas, fondos, compras, contabilidad, devoluciones, tambos, produccion, rrhh) VALUES ('820',820,'Orden de Pago','Orden de Pago','OP','1','C','15',false,false,false,true,true,true,false,false,false,false);
INSERT INTO ms.tipocomprobante(id, numero, nombre, nombreimprimir, abreviatura, sucursal, tipocomprobanteconcepto, tipocomprobanteclase, obsoleto, stock, ventas, fondos, compras, contabilidad, devoluciones, tambos, produccion, rrhh) VALUES ('823',823,'Orden de Pago (Anulacion) ','Orden de Pago (Anulacion)','ANU','1','D','15',false,false,false,true,true,true,false,false,false,false);
INSERT INTO ms.tipocomprobante(id, numero, nombre, nombreimprimir, abreviatura, sucursal, tipocomprobanteconcepto, tipocomprobanteclase, obsoleto, stock, ventas, fondos, compras, contabilidad, devoluciones, tambos, produccion, rrhh) VALUES ('967',967,'Orden de Pago (Anulacion) Rol ','Orden de Pago (Anulacion)','ANU','3','D','15',false,false,false,true,true,true,false,false,false,false);
INSERT INTO ms.tipocomprobante(id, numero, nombre, nombreimprimir, abreviatura, sucursal, tipocomprobanteconcepto, tipocomprobanteclase, obsoleto, stock, ventas, fondos, compras, contabilidad, devoluciones, tambos, produccion, rrhh) VALUES ('992',992,'Orden de Pago (Anulacion) Vetaro JD','Orden de Pago (Anulacion)','ANU','4','D','15',false,false,false,true,true,true,false,false,false,false);
INSERT INTO ms.tipocomprobante(id, numero, nombre, nombreimprimir, abreviatura, sucursal, tipocomprobanteconcepto, tipocomprobanteclase, obsoleto, stock, ventas, fondos, compras, contabilidad, devoluciones, tambos, produccion, rrhh) VALUES ('825',825,'Orden de Pago (Sin Retencion) ','Orden de Pago (Sin Retenc','OP','1','C','15',false,false,false,true,true,true,false,false,false,false);
INSERT INTO ms.tipocomprobante(id, numero, nombre, nombreimprimir, abreviatura, sucursal, tipocomprobanteconcepto, tipocomprobanteclase, obsoleto, stock, ventas, fondos, compras, contabilidad, devoluciones, tambos, produccion, rrhh) VALUES ('994',994,'Orden de Pago (Sin Retencion) Vetaro JD ','Orden de Pago (Sin Retenc','OP','4','C','15',false,false,false,true,true,true,false,false,false,false);
INSERT INTO ms.tipocomprobante(id, numero, nombre, nombreimprimir, abreviatura, sucursal, tipocomprobanteconcepto, tipocomprobanteclase, obsoleto, stock, ventas, fondos, compras, contabilidad, devoluciones, tambos, produccion, rrhh) VALUES ('966',966,'Orden de Pago Rol','Orden de Pago Rol','OP','3','C','15',false,false,false,true,true,true,false,false,false,false);
INSERT INTO ms.tipocomprobante(id, numero, nombre, nombreimprimir, abreviatura, sucursal, tipocomprobanteconcepto, tipocomprobanteclase, obsoleto, stock, ventas, fondos, compras, contabilidad, devoluciones, tambos, produccion, rrhh) VALUES ('991',991,'Orden de Pago Vetaro JD','Orden de Pago Vetaro JD','OP','4','C','15',false,false,false,true,true,true,false,false,false,false);
INSERT INTO ms.tipocomprobante(id, numero, nombre, nombreimprimir, abreviatura, sucursal, tipocomprobanteconcepto, tipocomprobanteclase, obsoleto, stock, ventas, fondos, compras, contabilidad, devoluciones, tambos, produccion, rrhh) VALUES ('920',920,'Orden de Pago VIPECOR ','Orden de Pago','OP','2','C','15',false,false,false,true,true,true,false,false,false,false);
INSERT INTO ms.tipocomprobante(id, numero, nombre, nombreimprimir, abreviatura, sucursal, tipocomprobanteconcepto, tipocomprobanteclase, obsoleto, stock, ventas, fondos, compras, contabilidad, devoluciones, tambos, produccion, rrhh) VALUES ('925',925,'Orden de Pago VIPECOR (ANULACION)','Orden de Pago VIPECOR (AN','ANU','2','D','15',false,false,false,true,true,true,false,false,false,false);
INSERT INTO ms.tipocomprobante(id, numero, nombre, nombreimprimir, abreviatura, sucursal, tipocomprobanteconcepto, tipocomprobanteclase, obsoleto, stock, ventas, fondos, compras, contabilidad, devoluciones, tambos, produccion, rrhh) VALUES ('813',813,'Otros comprob. A ','Otros comprob. A ','OComp','1','D','11',false,false,false,true,true,true,false,false,false,false);
INSERT INTO ms.tipocomprobante(id, numero, nombre, nombreimprimir, abreviatura, sucursal, tipocomprobanteconcepto, tipocomprobanteclase, obsoleto, stock, ventas, fondos, compras, contabilidad, devoluciones, tambos, produccion, rrhh) VALUES ('968',968,'Otros comprob. A Rol','Otros comprob. A Rol','OComp','3','D','11',false,false,false,true,true,true,false,false,false,false);
INSERT INTO ms.tipocomprobante(id, numero, nombre, nombreimprimir, abreviatura, sucursal, tipocomprobanteconcepto, tipocomprobanteclase, obsoleto, stock, ventas, fondos, compras, contabilidad, devoluciones, tambos, produccion, rrhh) VALUES ('833',833,'Otros comprob. A VIPECOR','Otros comprob. A ','OComp','2','D','11',false,false,false,true,true,true,false,false,false,false);
INSERT INTO ms.tipocomprobante(id, numero, nombre, nombreimprimir, abreviatura, sucursal, tipocomprobanteconcepto, tipocomprobanteclase, obsoleto, stock, ventas, fondos, compras, contabilidad, devoluciones, tambos, produccion, rrhh) VALUES ('824',824,'Otros comprob. C ','Otros comprob. C ','CompC','1','D','11',false,false,false,true,true,true,false,false,false,false);
INSERT INTO ms.tipocomprobante(id, numero, nombre, nombreimprimir, abreviatura, sucursal, tipocomprobanteconcepto, tipocomprobanteclase, obsoleto, stock, ventas, fondos, compras, contabilidad, devoluciones, tambos, produccion, rrhh) VALUES ('969',969,'Otros comprob. C Rol','Otros comprob. C Rol','CompC','3','D','11',false,false,false,true,true,true,false,false,false,false);
INSERT INTO ms.tipocomprobante(id, numero, nombre, nombreimprimir, abreviatura, sucursal, tipocomprobanteconcepto, tipocomprobanteclase, obsoleto, stock, ventas, fondos, compras, contabilidad, devoluciones, tambos, produccion, rrhh) VALUES ('874',874,'Otros comprob. C VIPECOR','Otros comprob. C VIPECOR ','CompC','2','D','11',false,false,false,true,true,true,false,false,false,false);
INSERT INTO ms.tipocomprobante(id, numero, nombre, nombreimprimir, abreviatura, sucursal, tipocomprobanteconcepto, tipocomprobanteclase, obsoleto, stock, ventas, fondos, compras, contabilidad, devoluciones, tambos, produccion, rrhh) VALUES ('420',420,'Presupuesto Vetaro','Presupuesto','PRE','1','S','6',false,true,true,false,false,false,false,false,false,false);
INSERT INTO ms.tipocomprobante(id, numero, nombre, nombreimprimir, abreviatura, sucursal, tipocomprobanteconcepto, tipocomprobanteclase, obsoleto, stock, ventas, fondos, compras, contabilidad, devoluciones, tambos, produccion, rrhh) VALUES ('424',424,'Presupuesto Vipecor','Presupuesto','PRE','2','S','6',false,true,true,false,false,false,false,false,false,false);
INSERT INTO ms.tipocomprobante(id, numero, nombre, nombreimprimir, abreviatura, sucursal, tipocomprobanteconcepto, tipocomprobanteclase, obsoleto, stock, ventas, fondos, compras, contabilidad, devoluciones, tambos, produccion, rrhh) VALUES ('117',117,'Pussetto L. Factura A 12','Factura','FAC','1','D','1',false,true,true,true,false,true,false,false,false,false);
INSERT INTO ms.tipocomprobante(id, numero, nombre, nombreimprimir, abreviatura, sucursal, tipocomprobanteconcepto, tipocomprobanteclase, obsoleto, stock, ventas, fondos, compras, contabilidad, devoluciones, tambos, produccion, rrhh) VALUES ('10000',10000,'Pussetto L. Factura A 16','Factura A','FAC','1','D','1',false,true,true,true,false,true,false,false,false,false);
INSERT INTO ms.tipocomprobante(id, numero, nombre, nombreimprimir, abreviatura, sucursal, tipocomprobanteconcepto, tipocomprobanteclase, obsoleto, stock, ventas, fondos, compras, contabilidad, devoluciones, tambos, produccion, rrhh) VALUES ('118',118,'Pussetto L. Factura B 12','Factura','FAC','1','D','1',false,true,true,true,false,true,false,false,false,false);
INSERT INTO ms.tipocomprobante(id, numero, nombre, nombreimprimir, abreviatura, sucursal, tipocomprobanteconcepto, tipocomprobanteclase, obsoleto, stock, ventas, fondos, compras, contabilidad, devoluciones, tambos, produccion, rrhh) VALUES ('10001',10001,'Pussetto L. Factura B 16','Factura B','FAC','1','D','1',false,true,true,true,false,true,false,false,false,false);
INSERT INTO ms.tipocomprobante(id, numero, nombre, nombreimprimir, abreviatura, sucursal, tipocomprobanteconcepto, tipocomprobanteclase, obsoleto, stock, ventas, fondos, compras, contabilidad, devoluciones, tambos, produccion, rrhh) VALUES ('232',232,'Recibo Roldan','Recibo ','REC','3','C','4',false,false,true,true,false,true,false,false,false,false);
INSERT INTO ms.tipocomprobante(id, numero, nombre, nombreimprimir, abreviatura, sucursal, tipocomprobanteconcepto, tipocomprobanteclase, obsoleto, stock, ventas, fondos, compras, contabilidad, devoluciones, tambos, produccion, rrhh) VALUES ('818',818,'RecibosA ','RecibosA ','REC','1','D','11',false,false,false,true,true,true,false,false,false,false);
INSERT INTO ms.tipocomprobante(id, numero, nombre, nombreimprimir, abreviatura, sucursal, tipocomprobanteconcepto, tipocomprobanteclase, obsoleto, stock, ventas, fondos, compras, contabilidad, devoluciones, tambos, produccion, rrhh) VALUES ('970',970,'RecibosA Rol ','RecibosA Rol ','REC','3','D','11',false,false,false,true,true,true,false,false,false,false);
INSERT INTO ms.tipocomprobante(id, numero, nombre, nombreimprimir, abreviatura, sucursal, tipocomprobanteconcepto, tipocomprobanteclase, obsoleto, stock, ventas, fondos, compras, contabilidad, devoluciones, tambos, produccion, rrhh) VALUES ('916',916,'RecibosA VIPECOR','RecibosA VIPECOR','REC','2','D','11',false,false,false,true,true,true,false,false,false,false);
INSERT INTO ms.tipocomprobante(id, numero, nombre, nombreimprimir, abreviatura, sucursal, tipocomprobanteconcepto, tipocomprobanteclase, obsoleto, stock, ventas, fondos, compras, contabilidad, devoluciones, tambos, produccion, rrhh) VALUES ('917',917,'RecibosC VIPECOR','RecibosC VIPECOR','REC','2','D','11',false,false,false,true,true,true,false,false,false,false);
INSERT INTO ms.tipocomprobante(id, numero, nombre, nombreimprimir, abreviatura, sucursal, tipocomprobanteconcepto, tipocomprobanteclase, obsoleto, stock, ventas, fondos, compras, contabilidad, devoluciones, tambos, produccion, rrhh) VALUES ('819',819,'Recibos C','Recibos C','REC','1','D','11',false,false,false,true,true,true,false,false,false,false);
INSERT INTO ms.tipocomprobante(id, numero, nombre, nombreimprimir, abreviatura, sucursal, tipocomprobanteconcepto, tipocomprobanteclase, obsoleto, stock, ventas, fondos, compras, contabilidad, devoluciones, tambos, produccion, rrhh) VALUES ('971',971,'Recibos C Rol','Recibos C Rol','REC','3','D','11',false,false,false,true,true,true,false,false,false,false);
INSERT INTO ms.tipocomprobante(id, numero, nombre, nombreimprimir, abreviatura, sucursal, tipocomprobanteconcepto, tipocomprobanteclase, obsoleto, stock, ventas, fondos, compras, contabilidad, devoluciones, tambos, produccion, rrhh) VALUES ('10002',10002,'Remito (Carta de Porte) Roldan','Remito (Carta de Porte) R','RTO','3','E','5',false,true,true,false,false,false,false,false,false,false);
INSERT INTO ms.tipocomprobante(id, numero, nombre, nombreimprimir, abreviatura, sucursal, tipocomprobanteconcepto, tipocomprobanteclase, obsoleto, stock, ventas, fondos, compras, contabilidad, devoluciones, tambos, produccion, rrhh) VALUES ('253',253,'Remito (Carta de Porte) Vetaro','Remito (Carta de Porte)','RTO','1','E','5',false,true,true,false,false,false,false,false,false,false);
INSERT INTO ms.tipocomprobante(id, numero, nombre, nombreimprimir, abreviatura, sucursal, tipocomprobanteconcepto, tipocomprobanteclase, obsoleto, stock, ventas, fondos, compras, contabilidad, devoluciones, tambos, produccion, rrhh) VALUES ('263',263,'Remito (Carta de Porte) Vipecor ','Remito Carta de Porte ','RTO','2','E','5',false,true,true,false,false,false,false,false,false,false);
INSERT INTO ms.tipocomprobante(id, numero, nombre, nombreimprimir, abreviatura, sucursal, tipocomprobanteconcepto, tipocomprobanteclase, obsoleto, stock, ventas, fondos, compras, contabilidad, devoluciones, tambos, produccion, rrhh) VALUES ('262',262,'Remito Garantía','Remito ','RTO','1','E','5',false,true,true,false,false,false,false,false,false,false);
INSERT INTO ms.tipocomprobante(id, numero, nombre, nombreimprimir, abreviatura, sucursal, tipocomprobanteconcepto, tipocomprobanteclase, obsoleto, stock, ventas, fondos, compras, contabilidad, devoluciones, tambos, produccion, rrhh) VALUES ('624',624,'Remito Interno RIII - VM','Remito Interno RIII - VM ','RTO','4','E','5',false,true,true,false,false,false,false,false,false,false);
INSERT INTO ms.tipocomprobante(id, numero, nombre, nombreimprimir, abreviatura, sucursal, tipocomprobanteconcepto, tipocomprobanteclase, obsoleto, stock, ventas, fondos, compras, contabilidad, devoluciones, tambos, produccion, rrhh) VALUES ('10014',10014,'Remito Interno ROL - RIO TERCERO','Remito Interno ROL - RIO ','RTO','3','E','5',false,true,true,false,false,false,false,false,false,false);
INSERT INTO ms.tipocomprobante(id, numero, nombre, nombreimprimir, abreviatura, sucursal, tipocomprobanteconcepto, tipocomprobanteclase, obsoleto, stock, ventas, fondos, compras, contabilidad, devoluciones, tambos, produccion, rrhh) VALUES ('269',269,'Remito Interno ROL - ROSARIO','Remito Interno R-R','RTO','3','E','5',false,true,true,false,false,false,false,false,false,false);
INSERT INTO ms.tipocomprobante(id, numero, nombre, nombreimprimir, abreviatura, sucursal, tipocomprobanteconcepto, tipocomprobanteclase, obsoleto, stock, ventas, fondos, compras, contabilidad, devoluciones, tambos, produccion, rrhh) VALUES ('268',268,'Remito Interno ROL - VILLA MARIA','Remito Interno R-V','RTO','3','E','5',false,true,true,false,false,false,false,false,false,false);
INSERT INTO ms.tipocomprobante(id, numero, nombre, nombreimprimir, abreviatura, sucursal, tipocomprobanteconcepto, tipocomprobanteclase, obsoleto, stock, ventas, fondos, compras, contabilidad, devoluciones, tambos, produccion, rrhh) VALUES ('131',131,'Remito Interno Roldán ','Remito ','RTO','3','E','5',false,true,true,false,false,false,false,false,false,false);
INSERT INTO ms.tipocomprobante(id, numero, nombre, nombreimprimir, abreviatura, sucursal, tipocomprobanteconcepto, tipocomprobanteclase, obsoleto, stock, ventas, fondos, compras, contabilidad, devoluciones, tambos, produccion, rrhh) VALUES ('267',267,'Remito Interno ROS - ROLDAN','Remito Interno R-R','RTO','2','E','5',false,true,true,false,false,false,false,false,false,false);
INSERT INTO ms.tipocomprobante(id, numero, nombre, nombreimprimir, abreviatura, sucursal, tipocomprobanteconcepto, tipocomprobanteclase, obsoleto, stock, ventas, fondos, compras, contabilidad, devoluciones, tambos, produccion, rrhh) VALUES ('266',266,'Remito Interno ROS - VILLA MARIA','Remito Interno R-V','RTO','2','E','5',false,true,true,false,false,false,false,false,false,false);
INSERT INTO ms.tipocomprobante(id, numero, nombre, nombreimprimir, abreviatura, sucursal, tipocomprobanteconcepto, tipocomprobanteclase, obsoleto, stock, ventas, fondos, compras, contabilidad, devoluciones, tambos, produccion, rrhh) VALUES ('251',251,'Remito Interno Vetaro ','Remito Int.','RTO','1','E','5',false,true,true,false,false,false,false,false,false,false);
INSERT INTO ms.tipocomprobante(id, numero, nombre, nombreimprimir, abreviatura, sucursal, tipocomprobanteconcepto, tipocomprobanteclase, obsoleto, stock, ventas, fondos, compras, contabilidad, devoluciones, tambos, produccion, rrhh) VALUES ('10013',10013,'Remito Interno VETJD - VM ','Remito Interno VETJD - VM','RTO','1','E','5',false,true,true,false,false,false,false,false,false,false);
INSERT INTO ms.tipocomprobante(id, numero, nombre, nombreimprimir, abreviatura, sucursal, tipocomprobanteconcepto, tipocomprobanteclase, obsoleto, stock, ventas, fondos, compras, contabilidad, devoluciones, tambos, produccion, rrhh) VALUES ('261',261,'Remito Interno Vipecor','Remito Interno ','RTO','2','E','5',true,true,true,false,false,false,false,false,false,false);
INSERT INTO ms.tipocomprobante(id, numero, nombre, nombreimprimir, abreviatura, sucursal, tipocomprobanteconcepto, tipocomprobanteclase, obsoleto, stock, ventas, fondos, compras, contabilidad, devoluciones, tambos, produccion, rrhh) VALUES ('265',265,'Remito Interno VM - ROLDAN','Remito Interno V-RL','RTO','4','E','5',false,true,true,false,false,false,false,false,false,false);
INSERT INTO ms.tipocomprobante(id, numero, nombre, nombreimprimir, abreviatura, sucursal, tipocomprobanteconcepto, tipocomprobanteclase, obsoleto, stock, ventas, fondos, compras, contabilidad, devoluciones, tambos, produccion, rrhh) VALUES ('264',264,'Remito Interno VM - ROSARIO','RemitoInterno V-R','RTO','1','E','5',false,true,true,false,false,false,false,false,false,false);
INSERT INTO ms.tipocomprobante(id, numero, nombre, nombreimprimir, abreviatura, sucursal, tipocomprobanteconcepto, tipocomprobanteclase, obsoleto, stock, ventas, fondos, compras, contabilidad, devoluciones, tambos, produccion, rrhh) VALUES ('625',625,'Remito Interno VM -RII','Remito Interno VM -RII','RTO','4','E','5',false,true,true,false,false,false,false,false,false,false);
INSERT INTO ms.tipocomprobante(id, numero, nombre, nombreimprimir, abreviatura, sucursal, tipocomprobanteconcepto, tipocomprobanteclase, obsoleto, stock, ventas, fondos, compras, contabilidad, devoluciones, tambos, produccion, rrhh) VALUES ('10012',10012,'Remito Interno VM -VET JD ','Remito Interno VM -VET JD','RTO','1','E','5',false,true,true,false,false,false,false,false,false,false);
INSERT INTO ms.tipocomprobante(id, numero, nombre, nombreimprimir, abreviatura, sucursal, tipocomprobanteconcepto, tipocomprobanteclase, obsoleto, stock, ventas, fondos, compras, contabilidad, devoluciones, tambos, produccion, rrhh) VALUES ('10007',10007,'Remito Interno VMJD - ROS ','Remito Interno VMJD - ROS','RTO','4','E','5',false,true,true,false,false,false,false,false,false,false);
INSERT INTO ms.tipocomprobante(id, numero, nombre, nombreimprimir, abreviatura, sucursal, tipocomprobanteconcepto, tipocomprobanteclase, obsoleto, stock, ventas, fondos, compras, contabilidad, devoluciones, tambos, produccion, rrhh) VALUES ('260',260,'Remito Vipecor ','Remito ','RTO','2','E','5',false,false,true,false,false,false,false,false,false,false);
INSERT INTO ms.tipocomprobante(id, numero, nombre, nombreimprimir, abreviatura, sucursal, tipocomprobanteconcepto, tipocomprobanteclase, obsoleto, stock, ventas, fondos, compras, contabilidad, devoluciones, tambos, produccion, rrhh) VALUES ('10008',10008,'Reparación VETARO J.DEERE ','Reparación VETARO J.DEERE','REP','4','E','7',false,true,false,false,false,false,false,false,false,false);
INSERT INTO ms.tipocomprobante(id, numero, nombre, nombreimprimir, abreviatura, sucursal, tipocomprobanteconcepto, tipocomprobanteclase, obsoleto, stock, ventas, fondos, compras, contabilidad, devoluciones, tambos, produccion, rrhh) VALUES ('628',628,'Reparación VETARO J.DEERE RIII','Reparación VETARO J.DEERE','REP','4','E','7',false,true,false,false,false,false,false,false,false,false);
INSERT INTO ms.tipocomprobante(id, numero, nombre, nombreimprimir, abreviatura, sucursal, tipocomprobanteconcepto, tipocomprobanteclase, obsoleto, stock, ventas, fondos, compras, contabilidad, devoluciones, tambos, produccion, rrhh) VALUES ('255',255,'Retiro Taller','Retiro Taller','RT','1','E','5',false,true,true,false,false,false,false,false,false,false);
INSERT INTO ms.tipocomprobante(id, numero, nombre, nombreimprimir, abreviatura, sucursal, tipocomprobanteconcepto, tipocomprobanteclase, obsoleto, stock, ventas, fondos, compras, contabilidad, devoluciones, tambos, produccion, rrhh) VALUES ('257',257,'Retiro Taller (Roldan)','Retiro Taller (Roldan)','RT','3','E','5',false,true,true,false,false,false,false,false,false,false);
INSERT INTO ms.tipocomprobante(id, numero, nombre, nombreimprimir, abreviatura, sucursal, tipocomprobanteconcepto, tipocomprobanteclase, obsoleto, stock, ventas, fondos, compras, contabilidad, devoluciones, tambos, produccion, rrhh) VALUES ('254',254,'Retiro Taller JD ','Retiro Taller JD ','RT','4','E','5',false,true,true,false,false,false,false,false,false,false);
INSERT INTO ms.tipocomprobante(id, numero, nombre, nombreimprimir, abreviatura, sucursal, tipocomprobanteconcepto, tipocomprobanteclase, obsoleto, stock, ventas, fondos, compras, contabilidad, devoluciones, tambos, produccion, rrhh) VALUES ('626',626,'Retiro Taller JD RIII ','Retiro Taller JD RIII ','RT','4','E','5',false,true,true,false,false,false,false,false,false,false);
INSERT INTO ms.tipocomprobante(id, numero, nombre, nombreimprimir, abreviatura, sucursal, tipocomprobanteconcepto, tipocomprobanteclase, obsoleto, stock, ventas, fondos, compras, contabilidad, devoluciones, tambos, produccion, rrhh) VALUES ('321',321,'Roldan Factura A 04','Factura','FAC','2','D','1',false,true,true,true,false,true,false,false,false,false);
INSERT INTO ms.tipocomprobante(id, numero, nombre, nombreimprimir, abreviatura, sucursal, tipocomprobanteconcepto, tipocomprobanteclase, obsoleto, stock, ventas, fondos, compras, contabilidad, devoluciones, tambos, produccion, rrhh) VALUES ('322',322,'Roldan Factura B 04','Factura','FAC','2','D','1',false,true,true,true,false,true,false,false,false,false);
INSERT INTO ms.tipocomprobante(id, numero, nombre, nombreimprimir, abreviatura, sucursal, tipocomprobanteconcepto, tipocomprobanteclase, obsoleto, stock, ventas, fondos, compras, contabilidad, devoluciones, tambos, produccion, rrhh) VALUES ('326',326,'Roldan N. Crédito A','Nota de Crédito','CRE','2','C','3',false,true,true,true,false,true,false,false,false,false);
INSERT INTO ms.tipocomprobante(id, numero, nombre, nombreimprimir, abreviatura, sucursal, tipocomprobanteconcepto, tipocomprobanteclase, obsoleto, stock, ventas, fondos, compras, contabilidad, devoluciones, tambos, produccion, rrhh) VALUES ('328',328,'Roldan N. Crédito A (Devolución)','Nota de Crédito','DEV','2','C','3',false,true,true,true,false,true,false,false,false,false);
INSERT INTO ms.tipocomprobante(id, numero, nombre, nombreimprimir, abreviatura, sucursal, tipocomprobanteconcepto, tipocomprobanteclase, obsoleto, stock, ventas, fondos, compras, contabilidad, devoluciones, tambos, produccion, rrhh) VALUES ('327',327,'Roldan N. Crédito B','Nota de Crédito','CRE','2','C','3',false,true,true,true,false,true,false,false,false,false);
INSERT INTO ms.tipocomprobante(id, numero, nombre, nombreimprimir, abreviatura, sucursal, tipocomprobanteconcepto, tipocomprobanteclase, obsoleto, stock, ventas, fondos, compras, contabilidad, devoluciones, tambos, produccion, rrhh) VALUES ('329',329,'Roldan N. Crédito B (Devolución)','Roldan N. Crédito B','DEV','2','C','3',false,true,true,true,false,true,false,false,false,false);
INSERT INTO ms.tipocomprobante(id, numero, nombre, nombreimprimir, abreviatura, sucursal, tipocomprobanteconcepto, tipocomprobanteclase, obsoleto, stock, ventas, fondos, compras, contabilidad, devoluciones, tambos, produccion, rrhh) VALUES ('101',101,'Signoretti Factura A 05','Factura','FAC','1','D','1',false,true,true,true,false,true,false,false,false,false);
INSERT INTO ms.tipocomprobante(id, numero, nombre, nombreimprimir, abreviatura, sucursal, tipocomprobanteconcepto, tipocomprobanteclase, obsoleto, stock, ventas, fondos, compras, contabilidad, devoluciones, tambos, produccion, rrhh) VALUES ('111',111,'Signoretti Factura B 05','Factura','FAC','1','D','1',false,true,true,true,false,true,false,false,false,false);
INSERT INTO ms.tipocomprobante(id, numero, nombre, nombreimprimir, abreviatura, sucursal, tipocomprobanteconcepto, tipocomprobanteclase, obsoleto, stock, ventas, fondos, compras, contabilidad, devoluciones, tambos, produccion, rrhh) VALUES ('812',812,'Tique-Factura A','Tique-Factura A','TFact','1','D','11',false,false,false,true,true,true,false,false,false,false);
INSERT INTO ms.tipocomprobante(id, numero, nombre, nombreimprimir, abreviatura, sucursal, tipocomprobanteconcepto, tipocomprobanteclase, obsoleto, stock, ventas, fondos, compras, contabilidad, devoluciones, tambos, produccion, rrhh) VALUES ('972',972,'Tique-Factura A Rol','Tique-Factura A Rol','TFact','3','D','11',false,false,false,true,true,true,false,false,false,false);
INSERT INTO ms.tipocomprobante(id, numero, nombre, nombreimprimir, abreviatura, sucursal, tipocomprobanteconcepto, tipocomprobanteclase, obsoleto, stock, ventas, fondos, compras, contabilidad, devoluciones, tambos, produccion, rrhh) VALUES ('910',910,'Tique-Factura A VIPECOR','Tique-Factura A VIPECOR','TFact','2','D','11',false,false,false,true,true,true,false,false,false,false);
INSERT INTO ms.tipocomprobante(id, numero, nombre, nombreimprimir, abreviatura, sucursal, tipocomprobanteconcepto, tipocomprobanteclase, obsoleto, stock, ventas, fondos, compras, contabilidad, devoluciones, tambos, produccion, rrhh) VALUES ('55',55,'Transf. de Stock VIP','Transferencia de Stock','TRF','2','E','7',false,true,false,false,false,false,false,false,false,false);
INSERT INTO ms.tipocomprobante(id, numero, nombre, nombreimprimir, abreviatura, sucursal, tipocomprobanteconcepto, tipocomprobanteclase, obsoleto, stock, ventas, fondos, compras, contabilidad, devoluciones, tambos, produccion, rrhh) VALUES ('75',75,'Transf. Stock ROL A4','Transf. Stock ROL A4','TRF','3','E','7',false,true,false,false,false,false,false,false,false,false);
INSERT INTO ms.tipocomprobante(id, numero, nombre, nombreimprimir, abreviatura, sucursal, tipocomprobanteconcepto, tipocomprobanteclase, obsoleto, stock, ventas, fondos, compras, contabilidad, devoluciones, tambos, produccion, rrhh) VALUES ('5',5,'Transf. Stock VET A4','Transferencia de Stock','TRF','1','E','7',false,true,false,false,false,false,false,false,false,false);
INSERT INTO ms.tipocomprobante(id, numero, nombre, nombreimprimir, abreviatura, sucursal, tipocomprobanteconcepto, tipocomprobanteclase, obsoleto, stock, ventas, fondos, compras, contabilidad, devoluciones, tambos, produccion, rrhh) VALUES ('6',6,'Transf. Stock VET A5','transf Stock A5','TRF','1','E','7',false,true,false,false,false,false,false,false,false,false);
INSERT INTO ms.tipocomprobante(id, numero, nombre, nombreimprimir, abreviatura, sucursal, tipocomprobanteconcepto, tipocomprobanteclase, obsoleto, stock, ventas, fondos, compras, contabilidad, devoluciones, tambos, produccion, rrhh) VALUES ('25',25,'Transf. Stock VETJD A4','Transf. Stock VETJD A4','TRF','4','E','7',false,true,false,false,false,false,false,false,false,false);
INSERT INTO ms.tipocomprobante(id, numero, nombre, nombreimprimir, abreviatura, sucursal, tipocomprobanteconcepto, tipocomprobanteclase, obsoleto, stock, ventas, fondos, compras, contabilidad, devoluciones, tambos, produccion, rrhh) VALUES ('26',26,'Transf. Stock VETJD A5','Transf. Stock VETJD A5','TRF','4','E','7',false,true,false,false,false,false,false,false,false,false);
INSERT INTO ms.tipocomprobante(id, numero, nombre, nombreimprimir, abreviatura, sucursal, tipocomprobanteconcepto, tipocomprobanteclase, obsoleto, stock, ventas, fondos, compras, contabilidad, devoluciones, tambos, produccion, rrhh) VALUES ('10022',10022,'Transf.Cre.VET a John Deere','Transf.Cre.VET a John Dee','AJC','1','C','13',false,false,false,true,true,true,false,false,false,false);
INSERT INTO ms.tipocomprobante(id, numero, nombre, nombreimprimir, abreviatura, sucursal, tipocomprobanteconcepto, tipocomprobanteclase, obsoleto, stock, ventas, fondos, compras, contabilidad, devoluciones, tambos, produccion, rrhh) VALUES ('10016',10016,'Transf.Créd.VET a JD','Transf.Créd.VET a JD','tjd','1','C','3',false,false,true,false,false,true,false,false,false,false);
INSERT INTO ms.tipocomprobante(id, numero, nombre, nombreimprimir, abreviatura, sucursal, tipocomprobanteconcepto, tipocomprobanteclase, obsoleto, stock, ventas, fondos, compras, contabilidad, devoluciones, tambos, produccion, rrhh) VALUES ('10017',10017,'Transf.Déb.VET a JD','Transf.Déb.VET a JD','tjd','1','D','2',false,false,true,false,false,true,false,false,false,false);
INSERT INTO ms.tipocomprobante(id, numero, nombre, nombreimprimir, abreviatura, sucursal, tipocomprobanteconcepto, tipocomprobanteclase, obsoleto, stock, ventas, fondos, compras, contabilidad, devoluciones, tambos, produccion, rrhh) VALUES ('10023',10023,'Transf.Déb.VET a John Deere','Transf.Déb.VET a John Dee','AJD','1','D','12',false,false,false,true,true,true,false,false,false,false);
INSERT INTO ms.tipocomprobante(id, numero, nombre, nombreimprimir, abreviatura, sucursal, tipocomprobanteconcepto, tipocomprobanteclase, obsoleto, stock, ventas, fondos, compras, contabilidad, devoluciones, tambos, produccion, rrhh) VALUES ('835',835,'Transferencia Cred. J.Deere','Transf.Cred. J.Dee','TraC ','4','C','13',false,false,false,true,true,true,false,false,false,false);
INSERT INTO ms.tipocomprobante(id, numero, nombre, nombreimprimir, abreviatura, sucursal, tipocomprobanteconcepto, tipocomprobanteclase, obsoleto, stock, ventas, fondos, compras, contabilidad, devoluciones, tambos, produccion, rrhh) VALUES ('836',836,'Transferencia Deb. J.Deere','Transf.Deb.J.D.','TraD ','4','D','12',false,false,false,true,true,true,false,false,false,false);
INSERT INTO ms.tipocomprobante(id, numero, nombre, nombreimprimir, abreviatura, sucursal, tipocomprobanteconcepto, tipocomprobanteclase, obsoleto, stock, ventas, fondos, compras, contabilidad, devoluciones, tambos, produccion, rrhh) VALUES ('505',505,'Transferencia Sucursal','Transferencia','TRF','1','S','8',false,false,false,true,false,true,false,false,false,false);
INSERT INTO ms.tipocomprobante(id, numero, nombre, nombreimprimir, abreviatura, sucursal, tipocomprobanteconcepto, tipocomprobanteclase, obsoleto, stock, ventas, fondos, compras, contabilidad, devoluciones, tambos, produccion, rrhh) VALUES ('508',508,'Transferencia Sucursal JD ','Transferencia Sucursal JD','TRF','4','S','8',false,false,false,true,false,true,false,false,false,false);
INSERT INTO ms.tipocomprobante(id, numero, nombre, nombreimprimir, abreviatura, sucursal, tipocomprobanteconcepto, tipocomprobanteclase, obsoleto, stock, ventas, fondos, compras, contabilidad, devoluciones, tambos, produccion, rrhh) VALUES ('506',506,'Transferencia Sucursal ROL','Transferencia Sucursal RO','TRF','3','S','8',false,false,false,true,false,true,false,false,false,false);
INSERT INTO ms.tipocomprobante(id, numero, nombre, nombreimprimir, abreviatura, sucursal, tipocomprobanteconcepto, tipocomprobanteclase, obsoleto, stock, ventas, fondos, compras, contabilidad, devoluciones, tambos, produccion, rrhh) VALUES ('507',507,'Transferencia Sucursal Ros','Transferencia Sucursal Ro','TRF','2','S','8',false,false,false,true,false,true,false,false,false,false);
INSERT INTO ms.tipocomprobante(id, numero, nombre, nombreimprimir, abreviatura, sucursal, tipocomprobanteconcepto, tipocomprobanteclase, obsoleto, stock, ventas, fondos, compras, contabilidad, devoluciones, tambos, produccion, rrhh) VALUES ('511',511,'Transferencia Valores Diferidos ','Transferencia Valores Dif','TDIF ','1','S','8',false,false,false,true,false,true,false,false,false,false);
INSERT INTO ms.tipocomprobante(id, numero, nombre, nombreimprimir, abreviatura, sucursal, tipocomprobanteconcepto, tipocomprobanteclase, obsoleto, stock, ventas, fondos, compras, contabilidad, devoluciones, tambos, produccion, rrhh) VALUES ('514',514,'Transferencia Valores Diferidos JD','Transferencia Valores Dif','TDIF ','4','S','8',false,false,false,true,false,true,false,false,false,false);
INSERT INTO ms.tipocomprobante(id, numero, nombre, nombreimprimir, abreviatura, sucursal, tipocomprobanteconcepto, tipocomprobanteclase, obsoleto, stock, ventas, fondos, compras, contabilidad, devoluciones, tambos, produccion, rrhh) VALUES ('512',512,'Transferencia Valores Diferidos ROL','Transferencia Valores Dif','TDIF ','3','S','8',false,false,false,true,false,true,false,false,false,false);
INSERT INTO ms.tipocomprobante(id, numero, nombre, nombreimprimir, abreviatura, sucursal, tipocomprobanteconcepto, tipocomprobanteclase, obsoleto, stock, ventas, fondos, compras, contabilidad, devoluciones, tambos, produccion, rrhh) VALUES ('513',513,'Transferencia Valores Diferidos ROS','Transferencia Valores Dif','TDIF ','2','S','8',false,false,false,true,false,true,false,false,false,false);
INSERT INTO ms.tipocomprobante(id, numero, nombre, nombreimprimir, abreviatura, sucursal, tipocomprobanteconcepto, tipocomprobanteclase, obsoleto, stock, ventas, fondos, compras, contabilidad, devoluciones, tambos, produccion, rrhh) VALUES ('521',521,'Vale Personal','Vale Personal','VAL','1','S','8',false,false,false,true,false,true,false,false,false,false);
INSERT INTO ms.tipocomprobante(id, numero, nombre, nombreimprimir, abreviatura, sucursal, tipocomprobanteconcepto, tipocomprobanteclase, obsoleto, stock, ventas, fondos, compras, contabilidad, devoluciones, tambos, produccion, rrhh) VALUES ('535',535,'Vale Personal JD ','Vale Personal JD ','VAL','4','S','8',false,false,false,true,false,true,false,false,false,false);
INSERT INTO ms.tipocomprobante(id, numero, nombre, nombreimprimir, abreviatura, sucursal, tipocomprobanteconcepto, tipocomprobanteclase, obsoleto, stock, ventas, fondos, compras, contabilidad, devoluciones, tambos, produccion, rrhh) VALUES ('533',533,'Vale Personal ROL','Vale Personal ROL','VAL','3','S','8',false,false,false,true,false,true,false,false,false,false);
INSERT INTO ms.tipocomprobante(id, numero, nombre, nombreimprimir, abreviatura, sucursal, tipocomprobanteconcepto, tipocomprobanteclase, obsoleto, stock, ventas, fondos, compras, contabilidad, devoluciones, tambos, produccion, rrhh) VALUES ('534',534,'Vale Personal ROS','Vale Personal ROS','VAL','2','S','8',false,false,false,true,false,true,false,false,false,false);
INSERT INTO ms.tipocomprobante(id, numero, nombre, nombreimprimir, abreviatura, sucursal, tipocomprobanteconcepto, tipocomprobanteclase, obsoleto, stock, ventas, fondos, compras, contabilidad, devoluciones, tambos, produccion, rrhh) VALUES ('158',158,'Vetaro N. Crédito A Obj','Nota de Crédito','CRE','1','C','3',true,true,true,true,false,true,false,false,false,false);
INSERT INTO ms.tipocomprobante(id, numero, nombre, nombreimprimir, abreviatura, sucursal, tipocomprobanteconcepto, tipocomprobanteclase, obsoleto, stock, ventas, fondos, compras, contabilidad, devoluciones, tambos, produccion, rrhh) VALUES ('159',159,'Vipecor N. Crédito A Obj','Nota de Crédito','CRE','2','C','3',true,true,true,true,false,true,false,false,false,false);
INSERT INTO ms.tipocomprobante(id, numero, nombre, nombreimprimir, abreviatura, sucursal, tipocomprobanteconcepto, tipocomprobanteclase, obsoleto, stock, ventas, fondos, compras, contabilidad, devoluciones, tambos, produccion, rrhh) VALUES ('500',500,'X Vetaro Fac. Anticipo A','XVetaro Fac. Anticipo ','FAN','1','D','1',false,true,true,true,false,true,false,false,false,false);
INSERT INTO ms.tipocomprobante(id, numero, nombre, nombreimprimir, abreviatura, sucursal, tipocomprobanteconcepto, tipocomprobanteclase, obsoleto, stock, ventas, fondos, compras, contabilidad, devoluciones, tambos, produccion, rrhh) VALUES ('331',331,'Zingaretti Factura A 08','Factura','FAC','2','D','1',false,true,true,true,false,true,false,false,false,false);
INSERT INTO ms.tipocomprobante(id, numero, nombre, nombreimprimir, abreviatura, sucursal, tipocomprobanteconcepto, tipocomprobanteclase, obsoleto, stock, ventas, fondos, compras, contabilidad, devoluciones, tambos, produccion, rrhh) VALUES ('332',332,'Zingaretti Factura B 08','Factura','FAC','2','D','1',false,true,true,true,false,true,false,false,false,false);
INSERT INTO ms.tipocomprobante(id, numero, nombre, nombreimprimir, abreviatura, sucursal, tipocomprobanteconcepto, tipocomprobanteclase, obsoleto, stock, ventas, fondos, compras, contabilidad, devoluciones, tambos, produccion, rrhh) VALUES ('522',522,'ZZ Ajuste de Fondos','Ajuste de Fondos ','AJU','1','S','8',true,false,false,true,false,false,false,false,false,false);

